{"type":"FeatureCollection","crs":{"type":"name","properties":{"name":"EPSG:4326"}},"features":[{"type":"Feature","id":474,"geometry":{"type":"Polygon","coordinates":[[[-77.9471978662194,34.266074514558],[-77.94716179828,34.2665101233877],[-77.9469708400632,34.2669187233951],[-77.9467848040626,34.2669941859964],[-77.9465046160711,34.2671453691354],[-77.9461334944841,34.2672189086089],[-77.9458244232413,34.2672161831221],[-77.9454549524455,34.2671361123279],[-77.9451790595008,34.2669541208681],[-77.944996929729,34.2667217584786],[-77.9447849470129,34.2663864440386],[-77.944604542766,34.2660004429093],[-77.944188184516,34.2647399840645],[-77.943978207111,34.2642766160726],[-77.9438584446378,34.2639679639518],[-77.9436471345059,34.2635814251608],[-77.9434965651987,34.2632724977898],[-77.943346314357,34.2629636334487],[-77.9431953905678,34.2626797325283],[-77.9430454807174,34.2623196425385],[-77.9430192204116,34.2619864625673],[-77.9430234975991,34.2616530296956],[-77.9431189608169,34.2614228856627],[-77.9432495967894,34.2608856890903],[-77.9433463688397,34.2605533361292],[-77.9434753339018,34.2601436399707],[-77.9437600968703,34.2595821925846],[-77.9437925787908,34.259454700979],[-77.9435773933798,34.2594013397698],[-77.9432978527978,34.2595010319749],[-77.9429546533848,34.2597805324781],[-77.9425773300079,34.2603152540617],[-77.942355209548,34.2607747981927],[-77.9421964227792,34.2611068361253],[-77.9419752362888,34.2615154535078],[-77.9417540991061,34.2618979032758],[-77.9414096234791,34.2622539350195],[-77.9411284005395,34.2625077845398],[-77.9408488610008,34.2626333774358],[-77.9405995006495,34.2628109549403],[-77.9403524504982,34.2628087647069],[-77.9402314232984,34.2626028130172],[-77.9401106813882,34.2623963390463],[-77.9401756561563,34.2621658692787],[-77.9403951705868,34.2618858618604],[-77.9406474731548,34.2615036916005],[-77.9408049584594,34.2612487164456],[-77.9409319739277,34.2609673089209],[-77.9410589636255,34.2607120939755],[-77.9410635740009,34.2603533402605],[-77.9410343897514,34.2601991381674],[-77.9409139736105,34.2599673458987],[-77.9407624160898,34.259761121638],[-77.9405494859702,34.2595025751246],[-77.9402135731187,34.2592176133638],[-77.9398139878914,34.2590348337915],[-77.9393828761242,34.2589536149223],[-77.9389826449127,34.2588729597474],[-77.9386441062954,34.2587678182667],[-77.9383678418779,34.2586372973484],[-77.9380315765758,34.2583776780636],[-77.9377580139511,34.2580158725989],[-77.9375776049873,34.2576557652421],[-77.9374284000343,34.2572436023068],[-77.9373408030774,34.2568327729596],[-77.9373169252241,34.2563195909372],[-77.9374780469523,34.2557826420159],[-77.9376076826734,34.2553226035281],[-77.9377373412172,34.2548360819405],[-77.937711082731,34.2544773147624],[-77.9374037343046,34.2543716056842],[-77.9368778536715,34.2544437401902],[-77.9362882595783,34.2546695393469],[-77.9353896787415,34.2548920011297],[-77.9347095898892,34.2549374298325],[-77.9336900179652,34.254979562992],[-77.9329797151893,34.2549732226364],[-77.9326703676535,34.2550222105524],[-77.9323911795104,34.2551216188858],[-77.9322638294296,34.2554029863565],[-77.9322598479236,34.2557102584041],[-77.9323188577096,34.2559418293694],[-77.9324073656736,34.2562504800499],[-77.9325890938838,34.2565338232851],[-77.9329561448249,34.2567937030608],[-77.9333858961397,34.2570027090647],[-77.9338139788925,34.257314097543],[-77.9339031904185,34.2576230427751],[-77.9338053552522,34.2579806729006],[-77.933555681313,34.2582094917808],[-77.9331822979445,34.2584112982621],[-77.9328735609016,34.2584338667556],[-77.9322551294912,34.2584798591724],[-77.9317003789573,34.2583727081326],[-77.9313326320027,34.2581637562855],[-77.9310895819943,34.2578542774989],[-77.9309383922719,34.2576218788846],[-77.930726161132,34.2573121529572],[-77.9303581012577,34.2571036866113],[-77.9299880764503,34.2570491479517],[-77.9294946412712,34.2569937916325],[-77.9291554488366,34.2569648764853],[-77.9288470642632,34.2569364996556],[-77.9285403469856,34.2567795450597],[-77.9282956464349,34.256598373491],[-77.9278980847119,34.2562869502864],[-77.9274405215815,34.2558728237814],[-77.9270416554047,34.2556379354975],[-77.9267637700617,34.2556610255591],[-77.9265760667894,34.2558135725635],[-77.9266025550166,34.256172605286],[-77.9267527469963,34.2565074247369],[-77.9267788937446,34.2568413937463],[-77.926496699873,34.2571973927286],[-77.9260294335232,34.257501022299],[-77.9256557358249,34.2577284185474],[-77.925404991302,34.2580081778881],[-77.9252763133614,34.2583919506109],[-77.9250567807253,34.2586463747673],[-77.9248381963026,34.2588492298112],[-77.9245613135456,34.2587702178412],[-77.9243156212002,34.2586649999055],[-77.9242566206082,34.2584342938746],[-77.924229481126,34.2581771289194],[-77.9242948191394,34.2578954442555],[-77.9243605193548,34.2575884668883],[-77.9243018450727,34.2573571832603],[-77.9240558349812,34.2572522837561],[-77.9238392606334,34.2573015294297],[-77.923682429686,34.2575052591277],[-77.9235852134285,34.2578122715241],[-77.9235520395304,34.2580170846358],[-77.9233013142147,34.2582973320543],[-77.9231993114615,34.2583352565634],[-77.9230586432661,34.2583416912433],[-77.9228897544841,34.2583479048648],[-77.9227589813523,34.258331288846],[-77.9226834731114,34.2583460452978],[-77.9226629747825,34.2584703227075],[-77.9226806229864,34.2585640990199],[-77.9227075851668,34.2586576951113],[-77.9227805166995,34.2588376209416],[-77.9228066906831,34.2589700242602],[-77.9227947299135,34.2591486298271],[-77.9227651291653,34.2592808217997],[-77.9227626823519,34.259468031627],[-77.9227690244736,34.259716754323],[-77.9227938757238,34.2599504674874],[-77.9227911288492,34.2601605562925],[-77.9227882823864,34.2603783468559],[-77.9227984206691,34.2604869126753],[-77.9228065614386,34.2606274385744],[-77.9228105990092,34.2607500186649],[-77.9228128647959,34.2608042902919],[-77.9228135778312,34.2608274118781],[-77.9228121500253,34.260900353314],[-77.9229170833738,34.2634670406446],[-77.9227576972931,34.263679429021],[-77.9222268549343,34.2643867888222],[-77.9222260537363,34.264387856221],[-77.9222174946922,34.2643992618267],[-77.9212803577426,34.2644094116082],[-77.9204541597821,34.2644282368067],[-77.9204269196656,34.2644288572158],[-77.9200975998619,34.2644806861855],[-77.9200272318295,34.2643057275124],[-77.9199960885297,34.2642266869024],[-77.9198714838992,34.2638910123292],[-77.9197895888262,34.2636096538211],[-77.9197294402167,34.2633417225767],[-77.9197090733565,34.2632392394681],[-77.9196849294814,34.2631177450652],[-77.9196827528366,34.263107521904],[-77.9196826684303,34.2631070857034],[-77.9196825985963,34.2631067803559],[-77.9196800972788,34.2630958952441],[-77.9195952573634,34.2631055565904],[-77.9195452552584,34.2628784948634],[-77.9195011550666,34.2626505912406],[-77.9194629770599,34.2624219522924],[-77.919430738264,34.2621926836578],[-77.9194044535205,34.2619628918564],[-77.9193868296867,34.2617677753682],[-77.919373501219,34.2615724245427],[-77.9193644726763,34.2613769034314],[-77.9193594695539,34.2611588345369],[-77.9193598134624,34.2609407265307],[-77.9193655031774,34.2607226695548],[-77.9193800192351,34.260345033617],[-77.9193801452619,34.2603417153313],[-77.9193824111073,34.2602827668877],[-77.9193824900596,34.2602812999144],[-77.9194542435922,34.2589001068402],[-77.9190496857515,34.2587700456255],[-77.9186157170028,34.2586305259357],[-77.9186071404455,34.2586647073062],[-77.9185978659614,34.2587122772593],[-77.9185916487288,34.2587565581464],[-77.9185868607222,34.2587931159537],[-77.9185834444079,34.2588266669527],[-77.9185801047402,34.2588544587856],[-77.918576096312,34.2588822445692],[-77.9185730415951,34.2589097513925],[-77.9185709343537,34.2589447368435],[-77.9185704759046,34.2589796777081],[-77.9185702628212,34.2590226470924],[-77.9185698367901,34.2590551171635],[-77.9185694866309,34.2590818046217],[-77.9185691612851,34.2591066008995],[-77.918569996366,34.259141844659],[-77.9185718546272,34.259179045875],[-77.9185730211539,34.2592154267545],[-77.9185732942351,34.2592479067564],[-77.9185737954863,34.2592817816826],[-77.9185752599762,34.2593222654054],[-77.9185774727299,34.2593591786353],[-77.918578362135,34.2593900342508],[-77.9185796306678,34.2594189721404],[-77.9185798736898,34.259453660614],[-77.9185800754755,34.2594889265939],[-77.9185806185254,34.2595225125088],[-77.9185809034454,34.2595514424033],[-77.9185818290826,34.2595822676953],[-77.918579686346,34.2596199574117],[-77.9185771019927,34.2596648238014],[-77.9185736177333,34.2597009020735],[-77.9185688680625,34.2597346988528],[-77.9185614621162,34.2597679496201],[-77.9185517201141,34.2598033916051],[-77.9185406449496,34.2598388188256],[-77.9185303474485,34.2598657038929],[-77.9185200605622,34.2598917794836],[-77.9185097626457,34.2599186951977],[-77.918502225197,34.2599354026414],[-77.9184927087673,34.2599534850429],[-77.9184808564384,34.2599734981203],[-77.9184639074089,34.2600002959657],[-77.9184470452574,34.2600232856404],[-77.9184244603419,34.260049799],[-77.9184009213173,34.2600743852729],[-77.9183810768896,34.2600951085636],[-77.9183609065424,34.2601139420051],[-77.9183364461912,34.260134101543],[-77.9183066577519,34.2601547646047],[-77.9182732082774,34.2601767305987],[-77.9182397797379,34.2601971001672],[-77.9182106998773,34.2602144844498],[-77.9181739966401,34.2602336893461],[-77.9181386130675,34.2602509579715],[-77.9181085566588,34.2602653105703],[-77.9180788768942,34.2602776868151],[-77.9180455564715,34.260290061659],[-77.9180082267258,34.2603007422994],[-77.917966314365,34.2603113823552],[-77.9179230758875,34.2603217182989],[-77.9178858601851,34.2603290859174],[-77.9178436142306,34.2603358562583],[-77.9177877964956,34.2603438992992],[-77.9177406607174,34.2603495480156],[-77.9176951592937,34.2603535247503],[-77.9176553507157,34.2603559284523],[-77.9176125568341,34.2603563821551],[-77.9175672364602,34.2603490526167],[-77.9175325095802,34.2603377188272],[-77.9175015602094,34.2603215059037],[-77.9174650413681,34.2602999532789],[-77.9174244856356,34.260255248915],[-77.9174118266393,34.260235306084],[-77.9173939603538,34.260206505467],[-77.9173729335979,34.2601677657323],[-77.9173515930264,34.2601265493599],[-77.9173348211954,34.2600892401085],[-77.917319054313,34.2600524655463],[-77.9173040360106,34.2600096223652],[-77.917288709874,34.2599635164699],[-77.9172766921765,34.259921541585],[-77.9172661231717,34.259888971034],[-77.917257679307,34.2598520013406],[-77.9172476921571,34.2598048123753],[-77.9172383532444,34.2597559695674],[-77.9172286550869,34.2597132322578],[-77.9172212607278,34.2596710098498],[-77.9172135683403,34.2596249433323],[-77.917206014666,34.2595681534965],[-77.9172010519224,34.2595168828398],[-77.9171963178112,34.2594747395179],[-77.9171934919771,34.2594366865817],[-77.9171910948421,34.2593898873001],[-77.9171877337517,34.2593419145141],[-77.9171857211924,34.259295347704],[-77.9171850203679,34.2592499296012],[-77.9171843237308,34.259198986073],[-77.9171830985433,34.2591430667342],[-77.9171834431849,34.2590929485203],[-77.9171832265087,34.2590560515361],[-77.9171821240654,34.259014756991],[-77.9171824860453,34.2589605090367],[-77.9171822518837,34.2589037854974],[-77.9171821004278,34.2588646515131],[-77.9171825777969,34.2588283152555],[-77.9171817649933,34.2587889417859],[-77.9171817769478,34.2587374520422],[-77.9171811196867,34.2586887185185],[-77.9171807774645,34.2586402204427],[-77.9171774368919,34.2586118461566],[-77.9171745346673,34.2585823381129],[-77.9171699950132,34.2585495309733],[-77.9171641584568,34.2585139516095],[-77.9171586060849,34.2584808738541],[-77.9171543053686,34.2584563268717],[-77.917150542573,34.258438934777],[-77.9171448599645,34.2584157708426],[-77.9171372674296,34.2583914545853],[-77.9171260258611,34.2583621621999],[-77.9171118209678,34.2583347911734],[-77.9170942100558,34.2583079139828],[-77.9170680992699,34.2582779342697],[-77.9170439145064,34.2582504448878],[-77.9170246530655,34.258229367589],[-77.91700334904,34.2582090543098],[-77.9169708243259,34.2581848042804],[-77.9169356696611,34.2581608207085],[-77.9168931947937,34.2581370015988],[-77.9168499859936,34.2581184686932],[-77.91680277612,34.2581006829481],[-77.9167440290743,34.2580813988856],[-77.9166895353245,34.2580635768469],[-77.9166485975862,34.2580505295075],[-77.9166023458437,34.2580371734565],[-77.9165415302868,34.2580206319279],[-77.9164794248325,34.2580038451821],[-77.9164271942543,34.2579898795347],[-77.9163752785416,34.2579783932148],[-77.9163170260435,34.2579668458266],[-77.9162429426643,34.2579554163449],[-77.9161737347682,34.2579462695103],[-77.9161217056157,34.2579408547419],[-77.916075333848,34.2579363062247],[-77.916015752194,34.2579299791049],[-77.91595383841,34.2579228203353],[-77.9158925672773,34.2579142681902],[-77.9158330112526,34.2579059948131],[-77.915766761906,34.2578982692352],[-77.9157091242234,34.2578930666684],[-77.9156544799578,34.2578895175801],[-77.9156109994452,34.2578888617587],[-77.9155755591087,34.2578893534728],[-77.9155327815755,34.257888412806],[-77.9154482794951,34.2578840716943],[-77.915379768316,34.2578964141255],[-77.9153242761271,34.2579305662967],[-77.9153107901977,34.2579469590278],[-77.915299290945,34.2579639494649],[-77.9152864112844,34.2579847651802],[-77.9152637361935,34.2580209000289],[-77.9152450954256,34.2580512872767],[-77.9152311777656,34.2580737514779],[-77.9152094969398,34.2581115550513],[-77.9151813079318,34.2581622337857],[-77.915150675911,34.2582203369654],[-77.9151377598194,34.2582439146167],[-77.9151234924094,34.2582691063606],[-77.9151088592307,34.2582981641411],[-77.9150860283695,34.258343398469],[-77.9150639596489,34.2583814599418],[-77.9150411427567,34.2584283513971],[-77.9150169410397,34.2584765960955],[-77.9149965237518,34.2585168812877],[-77.9149787889795,34.2585553003183],[-77.9149565605803,34.2586054831696],[-77.9149346179465,34.2586603493437],[-77.9149132722443,34.2587179534633],[-77.9148985157044,34.2587563697643],[-77.9148880755353,34.2587940111611],[-77.9148768722208,34.2588390625009],[-77.9148702261725,34.2588891235244],[-77.9148647229746,34.2589320449032],[-77.9148612190083,34.2589722203435],[-77.9148574625167,34.2590046908372],[-77.914855320212,34.2590399103165],[-77.9148598235847,34.2590782093333],[-77.9148660961899,34.2591280991259],[-77.9148784672001,34.2591725783061],[-77.9149043538005,34.2592223522219],[-77.9149403823598,34.259281060366],[-77.9149732598159,34.2593289801649],[-77.9150091361205,34.2593725376304],[-77.9150411671822,34.2594078039963],[-77.9150761920584,34.2594442036965],[-77.9151151494596,34.2594828469137],[-77.915151818117,34.2595192588032],[-77.9151881768116,34.2595529073901],[-77.9152311284842,34.2595910062281],[-77.9152727935219,34.2596258064058],[-77.9153101929727,34.2596550460095],[-77.9153449829598,34.259682661715],[-77.9153768420957,34.2597071675955],[-77.9154116650202,34.2597322836431],[-77.9154458226545,34.2597576262395],[-77.9154898586213,34.2597877689187],[-77.9155273423927,34.2598131696109],[-77.9155526620412,34.2598288370454],[-77.9155740061049,34.2598433063444],[-77.9156068851579,34.2598672994294],[-77.9156455858965,34.2598984980304],[-77.9156833263451,34.2599310537242],[-77.9157114834925,34.2599571829474],[-77.9157393224865,34.2599838925671],[-77.9157651919035,34.2600108475646],[-77.9157920078999,34.2600380689776],[-77.9158129726994,34.2600572750281],[-77.9158309955529,34.2600742113947],[-77.9158519273902,34.2600986487062],[-77.9158730612459,34.2601291082499],[-77.915891570919,34.2601593077937],[-77.9159048324141,34.260183936084],[-77.9159161212112,34.260209623811],[-77.9159279578226,34.2602441839336],[-77.9159384401664,34.2602778581948],[-77.9159483534254,34.2603041131289],[-77.9159554176924,34.2603234239038],[-77.9159583580282,34.2603501709528],[-77.9159595608186,34.2603837908225],[-77.9159574706022,34.260417642277],[-77.9159544850571,34.2604448548751],[-77.9159481579908,34.2604707038146],[-77.9159344182934,34.2605063680907],[-77.9159190361496,34.2605417560295],[-77.9159064021364,34.2605705408517],[-77.9158910900883,34.2606004328066],[-77.915868398815,34.2606352045297],[-77.9158373475018,34.2606745505202],[-77.9158144590981,34.2607030088484],[-77.9157948918799,34.2607262044196],[-77.9157727297577,34.2607474886556],[-77.9157422531299,34.260769802757],[-77.9157094640053,34.2607920958783],[-77.9156833580118,34.2608122399581],[-77.9156615716925,34.2608260836652],[-77.9156299716566,34.2608351585266],[-77.9155914496722,34.2608381231458],[-77.9155460749153,34.2608349195438],[-77.9155123201458,34.2608296729878],[-77.9154795972255,34.2608202752301],[-77.915440977658,34.2608067265268],[-77.9154023297679,34.2607928557084],[-77.9153709951348,34.2607818441583],[-77.9153435950565,34.2607697900681],[-77.9153073947355,34.2607507107579],[-77.9152666070379,34.260723620307],[-77.9152216020917,34.2606926546738],[-77.9151884126756,34.2606681366813],[-77.9151555596356,34.2606449568947],[-77.9151171070295,34.2606187341157],[-77.9150760022366,34.2605919039679],[-77.9150424723966,34.2605668581558],[-77.9150113667978,34.2605409328065],[-77.9149765893931,34.2605095379113],[-77.9149343210776,34.2604727839516],[-77.9148952396388,34.2604410587763],[-77.9148611122996,34.2604162103338],[-77.9148299256823,34.2603914165206],[-77.9147947655755,34.2603624612395],[-77.9147617327959,34.2603313444618],[-77.9147299254577,34.260303230069],[-77.9147034087571,34.2602773769464],[-77.9146739140978,34.2602490229909],[-77.9146349172481,34.2602136932866],[-77.9146041394057,34.2601842539445],[-77.9145789347471,34.2601597776191],[-77.9145569841636,34.2601383563603],[-77.9143723580726,34.259954126867],[-77.9142251875965,34.2597228754777],[-77.91413528174,34.2595491016737],[-77.9139764310007,34.2593460933422],[-77.9137934187936,34.2591910654798],[-77.913529719116,34.259092845029],[-77.9132410375836,34.2590808282093],[-77.9129067530257,34.2590299034893],[-77.912699935388,34.2589704565568],[-77.9124013388549,34.258852638845],[-77.9120214657587,34.2586878233528],[-77.912051279612,34.2585407786519],[-77.9120391198801,34.2585307565956],[-77.9119795428965,34.2584949475365],[-77.9118936451037,34.2584476766701],[-77.9118781328046,34.2584397733271],[-77.9117733089617,34.258391195091],[-77.91172457949,34.258366534673],[-77.9116980030298,34.2583428584244],[-77.9116887639848,34.2583397514962],[-77.9116081517992,34.258292498788],[-77.9115857821013,34.2582790670124],[-77.9114852607841,34.2582307918395],[-77.9114335119579,34.2582066257956],[-77.9112857253708,34.2581238152669],[-77.9112129719854,34.2580807033544],[-77.9111652968707,34.2580505565926],[-77.9111153615213,34.2580137305382],[-77.911006168908,34.2579196739099],[-77.9109326274966,34.2578408234787],[-77.910875762365,34.2578011728148],[-77.9108070138663,34.2577573137092],[-77.9106736280423,34.2576869917635],[-77.9105585404518,34.2576388715678],[-77.9105046922798,34.2576226825424],[-77.9102227104421,34.2576049622821],[-77.9101628415388,34.2576176167073],[-77.9100656316629,34.25762111914],[-77.9099904431107,34.2576405530409],[-77.9099169032347,34.257657237842],[-77.9098867945024,34.257675425702],[-77.9098474200978,34.257695156323],[-77.9097930107224,34.2577241121981],[-77.9097428092105,34.2577577853545],[-77.9096878114537,34.2578019121444],[-77.9096374087669,34.257853494086],[-77.9096079958615,34.2578934321854],[-77.9095965138654,34.2579090293807],[-77.9095811450847,34.2579457815477],[-77.9095774041151,34.2579534527895],[-77.9095772910376,34.2579620000498],[-77.9095542276101,34.2580510157522],[-77.9095353912906,34.2580932329052],[-77.9095107029248,34.2581332149781],[-77.9094938278306,34.2581515234516],[-77.9094682193534,34.25818431645],[-77.9094159961678,34.2582463484429],[-77.9094091352947,34.2583123976381],[-77.9094000214554,34.258397646867],[-77.9094020185295,34.25845054784],[-77.9094427707857,34.2585513985354],[-77.9095123837868,34.2586544877184],[-77.9096270392289,34.2588358770257],[-77.9096695764352,34.2589315970982],[-77.9096862034061,34.2589768693324],[-77.9097065669024,34.2590178474022],[-77.9097109611484,34.2590588799752],[-77.9097090846762,34.2591026473952],[-77.9096972244937,34.2591469043513],[-77.9096773753334,34.259194346572],[-77.9096266917653,34.2592908148719],[-77.9095935441185,34.2593375813532],[-77.9095552292712,34.259375232221],[-77.9095144310963,34.2594046024249],[-77.9093876386178,34.2594841236407],[-77.9092821317955,34.2595137472884],[-77.9091448678856,34.2595617445306],[-77.9089923192706,34.2595870972775],[-77.9088860658222,34.2595935408739],[-77.90883237034,34.2595922367305],[-77.9087803673404,34.2595873436995],[-77.908730117708,34.2595769700301],[-77.9086277409346,34.259568621341],[-77.9085250715331,34.2595555603069],[-77.9084747495145,34.2595534438713],[-77.9082203677078,34.2595266121542],[-77.9081694565342,34.2595159410134],[-77.9080716546811,34.2594869922267],[-77.9079743645306,34.2594726131309],[-77.9079152636787,34.2594536406261],[-77.9077751946995,34.2594093617543],[-77.9077303647197,34.2593888895686],[-77.9076477916414,34.2593393498137],[-77.9076026401053,34.2593169291428],[-77.9075230959938,34.2592657897181],[-77.9074175389089,34.259169840936],[-77.907376473368,34.2591427479339],[-77.9073389056418,34.2591239719346],[-77.9072961408939,34.2590985176798],[-77.9072584114653,34.2590654067721],[-77.9071822700443,34.259006041118],[-77.9071127692383,34.2589423438715],[-77.9070357695787,34.2588833579349],[-77.9069930507468,34.2588604345814],[-77.9069469503905,34.2588429480677],[-77.9068991729248,34.2588271509927],[-77.9068513375533,34.2588157212756],[-77.9068156995357,34.2588028380173],[-77.906786363925,34.2587914683475],[-77.9067216789605,34.2587728778208],[-77.9066506876355,34.258760687236],[-77.9066481532631,34.2587603728647],[-77.9066410888738,34.2587594977842],[-77.9066059187166,34.2587551390897],[-77.906576405017,34.2587538414214],[-77.9065793598348,34.2587506175332],[-77.9060806744587,34.2588028690223],[-77.9055175747814,34.2591577318499],[-77.9052026805548,34.2595390947303],[-77.9050107666818,34.2598531878502],[-77.9049985342269,34.2598732069572],[-77.9049820994838,34.25987289686],[-77.9047411395321,34.2598683447611],[-77.9045834913179,34.2597344576888],[-77.9044968376474,34.2596608670281],[-77.9043924898865,34.2594789045251],[-77.9043333309235,34.2593757431249],[-77.9040258137706,34.2591918875088],[-77.9037052523338,34.2592907202477],[-77.9032426997694,34.2595897242717],[-77.9027207915723,34.2599388621652],[-77.9021369400696,34.2599938685423],[-77.9015863579867,34.2598059685567],[-77.9015738618387,34.2598004130177],[-77.9010547380242,34.2595696433766],[-77.9010002474242,34.2595403584563],[-77.9007054254322,34.2593819033397],[-77.9002193260877,34.259135446871],[-77.9000252335833,34.2589345278242],[-77.9000007380916,34.2589091696095],[-77.8999919560371,34.2589000789216],[-77.8995714004978,34.2587058011403],[-77.8996055860724,34.2587851808294],[-77.8996181404515,34.2588143301374],[-77.8995782146171,34.2587992587042],[-77.899542868372,34.258720041417],[-77.8995173333857,34.2587115627862],[-77.8994676460576,34.258715227199],[-77.8994210811077,34.2587324126248],[-77.8993706700165,34.2587280737684],[-77.8993254459429,34.2587070475541],[-77.8992836075995,34.2586803106535],[-77.8992451043814,34.2586516526342],[-77.8991714625048,34.2585899716808],[-77.8991404670232,34.2585569589524],[-77.8991061325271,34.2585259186673],[-77.8990316488539,34.2584655785633],[-77.8989663781899,34.2583968569977],[-77.8988458911206,34.2583119366134],[-77.8987596133803,34.2582674231415],[-77.8987126984831,34.2582491298816],[-77.8986289577257,34.2582005169903],[-77.898536039423,34.2581576460704],[-77.8984925071006,34.2581338872624],[-77.8983870142657,34.258041410908],[-77.8983551810847,34.2580089672336],[-77.8983175351294,34.257978118883],[-77.8982413352605,34.2579224585333],[-77.8980996831394,34.2578736424203],[-77.8979991193527,34.2578454829901],[-77.8979496051452,34.2578362330516],[-77.8979043345186,34.2578187515808],[-77.8978683396422,34.2577881932742],[-77.8978387305138,34.2577753097139],[-77.8977873202325,34.2577836265606],[-77.8977699366668,34.2577924320019],[-77.8977489652876,34.257803057005],[-77.8976672274258,34.2578448213015],[-77.8975154018501,34.2579120240853],[-77.8974661733448,34.2579281699639],[-77.8973858068155,34.2579497849108],[-77.8973138991818,34.2579587590457],[-77.8972071045388,34.2579834134823],[-77.8971595299845,34.2579887345006],[-77.8971085991651,34.257990902541],[-77.896924812344,34.2579895414003],[-77.8968339771734,34.2579914042379],[-77.8967066110457,34.2580091907746],[-77.8966370632421,34.2580215273502],[-77.8965689943706,34.2580430992825],[-77.8965230991957,34.2580649001847],[-77.8964565111599,34.2581033461298],[-77.8963807923985,34.2581564207153],[-77.8963379343401,34.2581983059152],[-77.8963088445448,34.2582227023172],[-77.8962801544321,34.2582413317106],[-77.8962044731702,34.2582841290951],[-77.8961812584275,34.258293930753],[-77.8961638655908,34.2582975701131],[-77.896091741387,34.258296739185],[-77.8960670949422,34.2582898889683],[-77.8960419191329,34.2582761119129],[-77.8960177429863,34.2582574154204],[-77.8959584936606,34.258203588775],[-77.8958802477809,34.2581443334461],[-77.8958401025806,34.2581178300383],[-77.8957580991151,34.2580718591248],[-77.8957123666146,34.2580525694947],[-77.8956644031018,34.2580374774962],[-77.8955202385269,34.2580063393472],[-77.8954074373509,34.257984610682],[-77.8952500723865,34.257956619188],[-77.8951821844575,34.2579557583384],[-77.8950040656675,34.2579717091165],[-77.8949516661922,34.2579844529346],[-77.8948136046864,34.2580408755317],[-77.8947669629791,34.2580669781753],[-77.8947349955594,34.2580917731169],[-77.8947023483821,34.2581173812563],[-77.8946515985541,34.2580062961389],[-77.8943021338658,34.2580011803732],[-77.894015832134,34.2579969896061],[-77.893624917787,34.258224223768],[-77.8934070816983,34.2584427570491],[-77.8933138003421,34.2584697184145],[-77.8929918860491,34.2585627618324],[-77.8927482066638,34.258533352036],[-77.8925988631606,34.25841719769],[-77.8924064880105,34.2582675709637],[-77.8922145196401,34.2582772498678],[-77.8918540567082,34.2582954269641],[-77.8918385457266,34.2582962090617],[-77.891623438351,34.2583668467673],[-77.8915504474684,34.258390815176],[-77.8914517223469,34.2584376520446],[-77.8913808512794,34.2584803918356],[-77.8913367560598,34.2584988609738],[-77.8912869728424,34.2585093907601],[-77.8911939024534,34.2585395781106],[-77.891118241615,34.2585612685715],[-77.891118669236,34.258561442927],[-77.8911834613886,34.2586194992966],[-77.8910715521307,34.2586530323037],[-77.8900531262287,34.2589581794944],[-77.8899637711683,34.2590087073646],[-77.8899234494867,34.259020487411],[-77.8898028343258,34.2590378271552],[-77.8897110339769,34.2590578775309],[-77.8896560598097,34.2590760908627],[-77.8895898069626,34.2591206250759],[-77.8895012667389,34.2591925174317],[-77.889424164599,34.2592311665595],[-77.8893693160907,34.2592427808237],[-77.8892995585839,34.2592484389774],[-77.8891717074908,34.2592621380996],[-77.8890723213917,34.2592760700394],[-77.8889560064065,34.25929647443],[-77.8888169396708,34.2593290515722],[-77.8886816463629,34.2593520136461],[-77.8885131957942,34.2593746943575],[-77.8884073094015,34.2593825466956],[-77.888334266767,34.259387915004],[-77.8882936306555,34.2593996302774],[-77.8882754929793,34.2594176337716],[-77.8882603172043,34.2594629343057],[-77.8882384088709,34.2595607666292],[-77.8882121561879,34.2596379162024],[-77.8881719349057,34.2596914717277],[-77.8881179460074,34.259714664564],[-77.888046104273,34.2597032681844],[-77.8877840811112,34.2596567847845],[-77.8877718571591,34.2596544614126],[-77.8877622569604,34.2596524238927],[-77.8877520475775,34.259648781389],[-77.8877434492681,34.259644834731],[-77.8877335831853,34.2596392472117],[-77.8877233894691,34.2596317084354],[-77.8877152418762,34.259623087024],[-77.887729122757,34.2595518699239],[-77.8878385767887,34.2591811555149],[-77.8878721769622,34.2590760178398],[-77.8879141618403,34.2589615966582],[-77.8879565073679,34.2588725037161],[-77.887989469046,34.2588144289893],[-77.8876959210391,34.2586704310828],[-77.8878071533616,34.2584635612419],[-77.8880282000954,34.2580822839284],[-77.8881621620534,34.2578359984262],[-77.8882325668353,34.257706928348],[-77.8879788163399,34.2576888961293],[-77.8876772006791,34.2576731523797],[-77.8877002923787,34.2573140189772],[-77.8877085740237,34.2571673043331],[-77.8874577151137,34.2571528454185],[-77.8874645636852,34.2569879732527],[-77.887478780911,34.2567232178863],[-77.8874821775354,34.2566662367118],[-77.8874921552129,34.2564691828962],[-77.8873556226201,34.256462415643],[-77.8872963623453,34.2563572306762],[-77.8872749976712,34.2563187402221],[-77.8872933378361,34.2560650120258],[-77.8872492281481,34.2559167351639],[-77.886866109715,34.2558983095022],[-77.8864240048876,34.2558765438444],[-77.8860939292126,34.2558607914795],[-77.8857631910683,34.2558450599752],[-77.8854330905495,34.2558287529137],[-77.8851029897467,34.255812475589],[-77.8847722562908,34.2557964231432],[-77.8844421479034,34.2557807236049],[-77.8841117614233,34.2557649628603],[-77.8837813502555,34.2557483877903],[-77.8836716540599,34.2557429144616],[-77.8834545682263,34.2557326588816],[-77.8831317769775,34.2557169672635],[-77.8827953731246,34.2557008554654],[-77.8824646447925,34.2556845649822],[-77.8821418528838,34.2556688670756],[-77.8817468058663,34.2556497635136],[-77.8817912743503,34.2560367982764],[-77.8818142546175,34.2562038676614],[-77.8818567830957,34.2566358310061],[-77.8818884771251,34.2569656757771],[-77.8819094821999,34.2571776157207],[-77.8819244226128,34.2574933472127],[-77.8812846601346,34.256934439728],[-77.8811372141799,34.2567537931367],[-77.8809901908731,34.2565423026299],[-77.8805354503929,34.2562053848525],[-77.8804614834118,34.2561551503648],[-77.8803828380248,34.2561114721251],[-77.880359928604,34.2560891889902],[-77.8803270499238,34.2560685028522],[-77.8803068383527,34.2560432807404],[-77.88027304735,34.2560179034902],[-77.8802543948133,34.2559990039845],[-77.8802116967159,34.2559666519857],[-77.8801783027619,34.2559352300556],[-77.8801588867611,34.2559003644806],[-77.8801541866113,34.2558804642317],[-77.8801550929423,34.2557648477584],[-77.8801488057991,34.2556656474968],[-77.8801259840615,34.2555877785381],[-77.8800996522331,34.2555261276919],[-77.880079176023,34.2554948267434],[-77.8800312737673,34.2554304738648],[-77.8799986009746,34.2553949007792],[-77.8798379136294,34.2552383760949],[-77.8797518599846,34.2551758761739],[-77.879727564603,34.2551599771934],[-77.8796591397731,34.255119390034],[-77.8795991189952,34.255094346461],[-77.8794934284857,34.255062246754],[-77.8793384074737,34.2550737026852],[-77.8790648970029,34.2550931727616],[-77.878546045749,34.2551306966473],[-77.8782065100613,34.2552957872567],[-77.8780017196275,34.2553084287437],[-77.8777534666743,34.255324299567],[-77.8773793832219,34.2553472120965],[-77.8772964290695,34.2553527726532],[-77.8748744738955,34.2555032124698],[-77.8735448830491,34.2555862531456],[-77.8731369284638,34.2554664606694],[-77.8718716305253,34.255405505582],[-77.8718709919858,34.2554054355476],[-77.8716378433833,34.2553798945314],[-77.8716298320554,34.2553789200885],[-77.8716379358785,34.2553744862132],[-77.8711575811626,34.2553184793343],[-77.8704346687739,34.2552341868606],[-77.8699398073748,34.2552089569473],[-77.8699380212437,34.25520888507],[-77.8694491141555,34.2551839807687],[-77.8692428446175,34.2551718615442],[-77.8690841142118,34.2551537078708],[-77.8687420655796,34.2551102407515],[-77.8687442115196,34.2550882889169],[-77.8687468322861,34.2550614850219],[-77.868747917164,34.2550503929197],[-77.8682595392543,34.2549965270284],[-77.8681940012514,34.2549416568732],[-77.8680829345383,34.2548486670563],[-77.8680536116423,34.2548247575506],[-77.8680529652961,34.2548245449797],[-77.8680219977626,34.2548150867804],[-77.8678192476318,34.2547531301611],[-77.8677930428297,34.2547451242995],[-77.8676705495154,34.2547076981933],[-77.8676396503006,34.2546982522614],[-77.867504529979,34.2546569650207],[-77.8671971898924,34.2545630596779],[-77.8671764388912,34.2545567064804],[-77.8671736872804,34.2545539694988],[-77.866925056429,34.2543066714156],[-77.8666349475444,34.254150074005],[-77.866519644847,34.2540721747782],[-77.8664067915806,34.2539918401872],[-77.8663021612724,34.2539135136506],[-77.8661998638764,34.2538330914478],[-77.8660820010045,34.2537353698649],[-77.8659675902651,34.2536348591161],[-77.8659488964405,34.2536177365816],[-77.865917659999,34.253589127638],[-77.865896669248,34.2535695284329],[-77.8658215135823,34.253497605195],[-77.8657480870076,34.2534244614128],[-77.8657468349537,34.2534257405274],[-77.8657295829188,34.2534086271304],[-77.8657281900256,34.2534069650119],[-77.8655287698959,34.2531693030916],[-77.8655251299227,34.2531651719861],[-77.8655215070707,34.2531610590736],[-77.865421239675,34.2530433915285],[-77.8653252730709,34.2529232764911],[-77.8652526171896,34.2528267900321],[-77.8651312629182,34.2526600022352],[-77.8650730992588,34.2526862201542],[-77.865023241924,34.2526018376002],[-77.8649579578543,34.2524964146428],[-77.8648957935788,34.252389699627],[-77.8648154368505,34.2522359718187],[-77.8647727534104,34.2521478708481],[-77.864657692037,34.2517813916493],[-77.8646513934383,34.2517613295354],[-77.8645168339029,34.2512532488968],[-77.8644171565007,34.2508769392609],[-77.8644159234264,34.2508773936394],[-77.8639893656096,34.2493212191244],[-77.8638839270642,34.2491809024442],[-77.8622645336528,34.2497863875309],[-77.861862224078,34.2499430134351],[-77.8613863873791,34.2501327199044],[-77.8611376648274,34.2502316115978],[-77.860509060205,34.2504827166482],[-77.8597342512087,34.2507914427615],[-77.859259923639,34.2509804304451],[-77.8586260181527,34.2512216457339],[-77.8583856306784,34.2513172125829],[-77.8579644524599,34.2514827436194],[-77.8573316355788,34.2517357987598],[-77.8569505919333,34.2518802840668],[-77.8564219486909,34.2520765314188],[-77.8559207895715,34.2522626024505],[-77.8554003671288,34.2524513069642],[-77.8553917472277,34.252454395123],[-77.8551526050584,34.252540514905],[-77.8551301885969,34.2525486457185],[-77.8549932368272,34.2525979217928],[-77.854797113011,34.2526824469881],[-77.8543890722186,34.2528412911812],[-77.8543495623265,34.2528575422303],[-77.8543358639748,34.2528631681439],[-77.8538230155219,34.2530656913559],[-77.8533045688448,34.2532703945017],[-77.8533002765529,34.2532720680461],[-77.852772715168,34.2534772954304],[-77.8526832839766,34.2535130962243],[-77.8522726017417,34.2536775758816],[-77.8523548541974,34.2538253615056],[-77.8523933891431,34.2538944039619],[-77.8523944473125,34.2538963046362],[-77.8536235330148,34.2560641681956],[-77.8534919391414,34.2561149283565],[-77.8532271550146,34.2562170613052],[-77.8530868365526,34.2562711838995],[-77.8529772805218,34.2563134424985],[-77.852725818266,34.2564104336039],[-77.8524500898606,34.2565167880901],[-77.8521754480353,34.2566227196449],[-77.8520479339567,34.2566719027607],[-77.8512081551074,34.2551823514005],[-77.8507833010443,34.2544287452976],[-77.8502642773302,34.2546327835051],[-77.8501707274926,34.2544829791903],[-77.8500241099581,34.2545397115317],[-77.8495499092105,34.2547237463616],[-77.8494961733095,34.2547450526634],[-77.8494509029757,34.2547630028665],[-77.8494387079658,34.2547670541921],[-77.8494315927661,34.2547694171504],[-77.8494124908143,34.2547770901741],[-77.8492354652857,34.2548482067713],[-77.8488726178668,34.2549888011465],[-77.8487197984985,34.2550479775553],[-77.8485670440838,34.2551071516924],[-77.8484172817993,34.2551655439802],[-77.8481090207302,34.2552856705534],[-77.8478407542859,34.2553902489854],[-77.8475398176006,34.2555075372517],[-77.8475085541505,34.2555196202421],[-77.8471299688707,34.255665844628],[-77.8460350812811,34.2560887623024],[-77.8458245175696,34.2561678740498],[-77.844610685334,34.2566394934358],[-77.8442360573076,34.2567850762821],[-77.8441035058718,34.2568365651975],[-77.8438995912999,34.2569157955857],[-77.8436099450968,34.2570283546537],[-77.8428899037883,34.2573080812208],[-77.8424364502752,34.25748345127],[-77.8419262839592,34.2576803082974],[-77.841749376556,34.2577485175704],[-77.8415211387779,34.2578365209513],[-77.8411644322585,34.257974155948],[-77.8410902505316,34.2580054747318],[-77.840918848876,34.2580779228943],[-77.8405411858912,34.2582265174923],[-77.8404254159923,34.2582720563323],[-77.8402433439482,34.2583437599539],[-77.8399740896259,34.2584498232624],[-77.8396676900859,34.2585703827677],[-77.8392972429448,34.2587162821203],[-77.8387813005923,34.258919349026],[-77.8385872649498,34.2589875622129],[-77.8378947398526,34.259270141763],[-77.8378093922507,34.2593007973616],[-77.8376281020761,34.2593713975691],[-77.8374819593458,34.2594351008456],[-77.8372284393571,34.2595474198598],[-77.8372249156292,34.2595489822085],[-77.8369064687109,34.2597036948634],[-77.836332441202,34.2599825941383],[-77.8362622763591,34.2600191527347],[-77.8362596083622,34.2600206269207],[-77.836198897634,34.2600539481334],[-77.8361922947449,34.2600579560964],[-77.8360263875892,34.2601547535457],[-77.8357157837523,34.2603364025212],[-77.8356579114798,34.2603705255268],[-77.8354169916922,34.2605223849561],[-77.8351312279261,34.2607029942299],[-77.835100805442,34.2607225262005],[-77.8346043904591,34.2610356016117],[-77.8345623512568,34.2610621513653],[-77.8345618959642,34.2610624822986],[-77.8343355107214,34.2612261210223],[-77.8339046144493,34.2615369889427],[-77.8338539928837,34.2615730993839],[-77.8332542071081,34.262005065393],[-77.8328289326356,34.262388085718],[-77.8324872354372,34.2626947609295],[-77.8322257558369,34.2629300588249],[-77.8321448926604,34.2630028298844],[-77.8321364921233,34.2630103730268],[-77.8320452316981,34.2630923499272],[-77.8316607133775,34.2634374256301],[-77.8315933682246,34.2634993044337],[-77.8315378381996,34.2635522905128],[-77.8315352217391,34.2635547874427],[-77.8304719932798,34.2630317677583],[-77.8301967919916,34.2628921733922],[-77.8297725393928,34.2626690986283],[-77.8295668714977,34.2625609573353],[-77.8295249317175,34.2625409599554],[-77.8294920839463,34.2625252996175],[-77.82927905203,34.2624361595505],[-77.8292434364743,34.2624171417629],[-77.8291961132142,34.2623918752551],[-77.8291100214642,34.2623365684818],[-77.8286585100461,34.2627845578899],[-77.8284185655846,34.2630170970035],[-77.8280326239488,34.2633920277897],[-77.8279982256583,34.2634253801522],[-77.8277674571277,34.2636524292497],[-77.8274368442699,34.2639764057382],[-77.8271834835563,34.264220928468],[-77.8269888155121,34.2644086779167],[-77.8258904431436,34.2654829561492],[-77.8258685990796,34.2654673749233],[-77.8257913305329,34.2654122677898],[-77.8257267399719,34.2653577476116],[-77.8256460056117,34.2652748191418],[-77.825560541246,34.2651754397707],[-77.8256057577823,34.2650798178411],[-77.8256998357025,34.2648650318163],[-77.8257375685098,34.2647719742404],[-77.8258802695655,34.2643966663039],[-77.8259591911533,34.2641421339274],[-77.8259649035151,34.2641221857995],[-77.8260071211181,34.2639744885204],[-77.8260833928191,34.263671292106],[-77.8261410937495,34.2633984430012],[-77.8261626225178,34.2632788463325],[-77.8261985067469,34.2630250182256],[-77.8262243110338,34.2627817797878],[-77.82623473716,34.2626307483921],[-77.8262514603824,34.2622698657286],[-77.8262639161567,34.261960448726],[-77.8262803621476,34.2615519180216],[-77.8263013938731,34.2610295150006],[-77.826329390423,34.2600513189836],[-77.8263585361148,34.2592247900471],[-77.8263744269296,34.2587479662151],[-77.826388863124,34.2584314673912],[-77.8264342589139,34.2575675347161],[-77.8264398226722,34.2574092830607],[-77.8264564454207,34.2564891069619],[-77.8263834886741,34.2564813641905],[-77.8263735397814,34.2564799998627],[-77.8263391169834,34.2564752732453],[-77.8256380545735,34.2563790273674],[-77.8252225431678,34.2563222636673],[-77.8250709084799,34.2563015842856],[-77.8247460042863,34.2562578882383],[-77.8245662841432,34.2562351903414],[-77.8243560650648,34.2562053549948],[-77.824141842402,34.2561760920425],[-77.8239322174996,34.2561464105457],[-77.8237206824582,34.2561179017175],[-77.8235141837021,34.2560898189185],[-77.8232928839393,34.2560610653831],[-77.8230873178593,34.2560314800484],[-77.8229035322276,34.2560066723955],[-77.8228742826255,34.2560028368471],[-77.8226611777019,34.2559739897326],[-77.822643779128,34.2559712904767],[-77.8224381525383,34.2559433874971],[-77.822367702367,34.2559336799692],[-77.8220145031633,34.2558855732121],[-77.8218627296425,34.2558649163264],[-77.8217258141625,34.2558462682655],[-77.8212964990677,34.25578778254],[-77.8209316974085,34.2557381021933],[-77.8208423407685,34.2557259399269],[-77.82068802082,34.2557049679361],[-77.8206803454452,34.2557039221662],[-77.8203511771912,34.2556590478516],[-77.8204004470339,34.2552034850674],[-77.8204092225404,34.2551212063118],[-77.8204221866074,34.255003207608],[-77.8205042972759,34.254237143202],[-77.8205087926259,34.2541285379075],[-77.8205497919463,34.2531309120562],[-77.8205576772659,34.2529390355033],[-77.8201953828847,34.2528300113267],[-77.8201941453979,34.2528286305806],[-77.8201100220223,34.2529988705731],[-77.8198475047432,34.2532084001194],[-77.8198484880006,34.2532083521278],[-77.8198462926066,34.2532101019751],[-77.8202915668329,34.2531894323923],[-77.8202472734236,34.2536289147107],[-77.8200001824338,34.2538950321855],[-77.8198278545753,34.2544998384094],[-77.8198277288248,34.2545002798228],[-77.8197565518231,34.2547529136138],[-77.8195351868982,34.2550665536034],[-77.8193548563896,34.2554092655592],[-77.8192565935407,34.2555080186435],[-77.8187123727053,34.2555298804328],[-77.818348279955,34.2556190557954],[-77.8182662695152,34.2556292637419],[-77.8178946245298,34.2556175946171],[-77.8173863222646,34.2556811500586],[-77.8170370234343,34.2557567418849],[-77.8167812027884,34.2557206026735],[-77.8161533640933,34.2556328600815],[-77.8156961388466,34.2556044037372],[-77.8154248713541,34.255466494456],[-77.8154242041189,34.2554657044082],[-77.8152794154198,34.2552940394616],[-77.8152211470569,34.2551483261371],[-77.8153283302212,34.2550992943838],[-77.8153098499756,34.2550231422662],[-77.815279851363,34.255010429905],[-77.8149797511835,34.255010216928],[-77.814494598248,34.2549615920903],[-77.8144817495635,34.2548397606688],[-77.8143898914666,34.254909091219],[-77.8141547783544,34.2549527250609],[-77.81429110328,34.2551719176616],[-77.8142915977515,34.2551727159193],[-77.8138228902935,34.2554095503758],[-77.8132863774273,34.2556815280752],[-77.8131545166575,34.2556059070837],[-77.812669060432,34.2553254377121],[-77.8124920992118,34.2552234334948],[-77.8122809039449,34.255149988604],[-77.812137360486,34.2551004157502],[-77.8118876863005,34.2549728822841],[-77.8118740003985,34.2549658900692],[-77.8118683773309,34.2549783204873],[-77.8118681754294,34.2549787692497],[-77.8118042600579,34.2549968580492],[-77.8116852933397,34.2549890447502],[-77.8116393737552,34.2549359871481],[-77.8116090283781,34.2548304931199],[-77.8115033415368,34.254776597901],[-77.8114774160694,34.2547639683471],[-77.8114058487832,34.2547291083479],[-77.8112776610349,34.2547470635818],[-77.8110775260613,34.2547750963833],[-77.8110672161587,34.2547763596787],[-77.8107592492894,34.2548140847452],[-77.8107476660141,34.2548136783185],[-77.810659764083,34.2548150126067],[-77.8103307061606,34.2548197341874],[-77.8101990412457,34.2547985945181],[-77.8098073000285,34.2547362843668],[-77.8094833986017,34.2546846204504],[-77.8094099469969,34.2546695553946],[-77.8089306930832,34.2545838404233],[-77.8088484181146,34.2546075289933],[-77.8087000456047,34.254640473072],[-77.8086114797472,34.2546595811812],[-77.8084681959026,34.2546904958379],[-77.8082165426879,34.2547540700983],[-77.8080939499462,34.254793580299],[-77.8079696691556,34.254833363839],[-77.8076084971366,34.2548815310132],[-77.8074297331306,34.2549053686687],[-77.807283865808,34.254927027994],[-77.8070301502202,34.255065241027],[-77.8065925576517,34.2549388510943],[-77.8063921065094,34.2548806767979],[-77.805974507387,34.254657610262],[-77.8057843247407,34.2545527016579],[-77.8056885830931,34.2543846008179],[-77.8057144540253,34.2542860533335],[-77.8057795163523,34.2540388342444],[-77.8056534913574,34.2538778424072],[-77.8048996426488,34.2538903686727],[-77.8048975108451,34.2538904050594],[-77.804542844854,34.253971113132],[-77.80404545831,34.2539460167818],[-77.803491382419,34.2539187237021],[-77.8034878845451,34.2538979830478],[-77.8033881491996,34.253306911327],[-77.8033790315913,34.2533101855063],[-77.8030045359205,34.2534787402068],[-77.8029019964852,34.2537818674462],[-77.8029018410207,34.253782330182],[-77.8028859829188,34.2538301765299],[-77.8028858342817,34.253830617697],[-77.8028122763767,34.2540526396444],[-77.802522210765,34.2541138996774],[-77.8020188362855,34.2542261655416],[-77.8019643291436,34.2543925401838],[-77.8019641733451,34.2543930254536],[-77.8019415389462,34.2544643727164],[-77.801927677203,34.2545077853519],[-77.8018794937128,34.2546555876228],[-77.8018791684993,34.2546565237673],[-77.8018181746931,34.2548302115447],[-77.8018171884829,34.2548329252103],[-77.80171739293,34.2550798320159],[-77.8017171975369,34.2550803520486],[-77.801685682831,34.2551651910495],[-77.8016661180249,34.2552178233344],[-77.8010816181556,34.2552978742158],[-77.8009919201729,34.2553096205115],[-77.8006838010751,34.2556749808727],[-77.8003815282893,34.2553211139779],[-77.8001138968847,34.2551291354527],[-77.8001078441169,34.2551247932905],[-77.79983043408,34.2550651395015],[-77.7997732848924,34.2550528484414],[-77.7997001504434,34.2550424911329],[-77.7992591387138,34.2548100639444],[-77.7991847368431,34.2547715799797],[-77.7988828676865,34.2542775779967],[-77.798868326496,34.2542537367335],[-77.7987082963914,34.2539913665499],[-77.7985107850212,34.2538801159473],[-77.7985027040956,34.2538755639955],[-77.7986509653435,34.2537943585007],[-77.7990255313825,34.2535892083223],[-77.7990298260368,34.2535868551755],[-77.7990256656721,34.2535834939117],[-77.7993708675915,34.2533942239939],[-77.7994180393471,34.2533909058724],[-77.7994848213074,34.2533408505309],[-77.7995506769934,34.2532966152049],[-77.7997789811906,34.2531432631417],[-77.7998016398304,34.2531279931718],[-77.7998456380495,34.253079027841],[-77.7999417367993,34.253029210676],[-77.7999869482875,34.2530151010637],[-77.8000110830284,34.2530075396081],[-77.7999833269544,34.2529501043043],[-77.7999597618261,34.2529185419661],[-77.7999441815059,34.2528976113946],[-77.7999436610208,34.252892495344],[-77.7999314602134,34.2527667379685],[-77.7999228161854,34.252761267201],[-77.7999138386826,34.2527555839282],[-77.799754723851,34.2528409381413],[-77.7993727205906,34.2530460816487],[-77.7990735605176,34.2530923836871],[-77.7987905331178,34.2531357539048],[-77.7987801250006,34.2531373496244],[-77.7987793118807,34.2531354815782],[-77.798724904827,34.2530103808934],[-77.7985827153506,34.2529718049482],[-77.7985815679402,34.2529714941056],[-77.7984024253969,34.2531335528806],[-77.79817326676,34.253339968279],[-77.7980278847589,34.2534052692153],[-77.7979112266309,34.2534576692927],[-77.7977767090911,34.2535174562745],[-77.7972005300538,34.2535295397783],[-77.7969785821203,34.2535341969137],[-77.7967340738911,34.2533141756517],[-77.7966290114181,34.2531743486244],[-77.7963955356026,34.2528657271221],[-77.7963888698814,34.2528569159769],[-77.7963664515096,34.2528049112341],[-77.7962285755088,34.2524865353172],[-77.7962283316394,34.2524859865286],[-77.796122581706,34.2522467682138],[-77.7961000709909,34.2521961283245],[-77.7959747078445,34.2522452789353],[-77.7959196316729,34.2522670228807],[-77.7956367780594,34.2523773365984],[-77.7953505913178,34.2524243045445],[-77.7953660415681,34.2524947604958],[-77.7953661411278,34.2524952284966],[-77.7951207699451,34.2524952520135],[-77.7951163688972,34.252493441539],[-77.7950617444562,34.2524709619129],[-77.7950227308204,34.2524775619117],[-77.7950202198755,34.2524779873717],[-77.7950126064034,34.2524717828635],[-77.7949880761836,34.2524517891746],[-77.7948227670153,34.2523388871488],[-77.7947855193024,34.2523134479244],[-77.7946662989487,34.2522320891084],[-77.7943602654907,34.252023043576],[-77.7939851047008,34.2517838177212],[-77.793864681481,34.2516964002355],[-77.7937469711118,34.2515382436411],[-77.7937365393753,34.251523802995],[-77.7935271271662,34.2512416525257],[-77.7933966811578,34.251066560545],[-77.7933965479947,34.251065718966],[-77.7933371889857,34.2507209335927],[-77.7933370270126,34.250719983538],[-77.7932145070019,34.2500013682208],[-77.7932106844658,34.2499791869176],[-77.7932812132214,34.2499861501806],[-77.7934907961155,34.2500068427978],[-77.7940020157903,34.2500585217568],[-77.794289101892,34.2500663897172],[-77.7940104432787,34.2498197682338],[-77.7937099818665,34.2495538504051],[-77.793606706632,34.2495412360321],[-77.7934231781184,34.2493950914183],[-77.7932317294384,34.2494028116447],[-77.7930591379393,34.2493658018521],[-77.7929111682344,34.249304560035],[-77.7928712767867,34.2492433077989],[-77.7928938294804,34.248879502905],[-77.7928160846769,34.2486873263861],[-77.7928559573417,34.2485227644544],[-77.7929010078248,34.248410880361],[-77.7929653578851,34.2483201221738],[-77.7930597991226,34.2481420697089],[-77.7929859995946,34.2479959549325],[-77.7929906425473,34.2479299180783],[-77.7930971937451,34.2477855972629],[-77.7931297779274,34.2475997980471],[-77.7931674422215,34.2473134825121],[-77.792989817069,34.2472546477897],[-77.792797879097,34.2471910704055],[-77.7927181012713,34.2475716942565],[-77.7926955321755,34.2476793760644],[-77.7924667513419,34.2477236107624],[-77.7922539097283,34.2477649534569],[-77.7919489702833,34.2478243803293],[-77.7916604088566,34.2478805208942],[-77.7915695275206,34.2478981991408],[-77.7914112424322,34.2479290732433],[-77.7910941337022,34.2476174833462],[-77.7908229739053,34.247908847269],[-77.7904598985499,34.2478594389163],[-77.7903466761834,34.24780212369],[-77.790046386583,34.2476504251467],[-77.7897670282164,34.2475092973514],[-77.7897711934903,34.247504365728],[-77.789957362221,34.2472840731985],[-77.7901009606843,34.2469903590764],[-77.7902318614985,34.2467226212746],[-77.7902595797441,34.2466658884394],[-77.7903324503716,34.246397868868],[-77.7903412189546,34.2461176311311],[-77.7903584565634,34.2457590352672],[-77.7903776515789,34.2453742361543],[-77.7903809911194,34.2453065282853],[-77.7906229065722,34.2450658354808],[-77.7906825209061,34.2450066909065],[-77.7908658088726,34.244852946645],[-77.7911263116717,34.2446336324638],[-77.7914042995086,34.2443987978326],[-77.7914522824459,34.2443164234284],[-77.7916679168764,34.2439454735786],[-77.7917546732855,34.2437971152098],[-77.7918264736975,34.2437184983231],[-77.79188601834,34.243568499889],[-77.7919827904712,34.2434350458691],[-77.7920051439609,34.243404217371],[-77.7921165153279,34.2432032223532],[-77.7921639889987,34.2431312814632],[-77.7921962164179,34.2430823262963],[-77.7922636712396,34.2429800007628],[-77.792326169891,34.2428336065871],[-77.7923347545021,34.2428141281274],[-77.7924569734839,34.2425295390607],[-77.7926018210006,34.2421936906943],[-77.7926464417019,34.2420897405338],[-77.792844071199,34.242022105383],[-77.7930733324899,34.2418770766875],[-77.7934937024921,34.2416098033478],[-77.7937283037212,34.2414607550795],[-77.7937715999267,34.2414231633222],[-77.7940208658839,34.2412023666013],[-77.7942704366218,34.2409823865445],[-77.7945200467223,34.2407618501348],[-77.7946325816421,34.2406625086093],[-77.7947535428348,34.2405301645947],[-77.7949435970128,34.2403219674702],[-77.7951336471137,34.2401140576087],[-77.7951535048513,34.2400919311895],[-77.7956825077731,34.2394256635509],[-77.795809838638,34.2392644830057],[-77.7958686026306,34.2391909956578],[-77.7959062409708,34.2392026846273],[-77.795932409482,34.2391607932358],[-77.7959847605554,34.239078941673],[-77.7959975025083,34.2390590216275],[-77.7960847830313,34.2389409338605],[-77.7962041701624,34.2388705569369],[-77.7962888942804,34.2388606828148],[-77.7963246462627,34.2388669181855],[-77.7964228395053,34.2388840400276],[-77.796601799623,34.2388668573958],[-77.7966269157186,34.2388274254766],[-77.7965078692414,34.2387526207968],[-77.7964751197013,34.2387320452007],[-77.7964161915122,34.2385458179748],[-77.7964289563599,34.2385107099104],[-77.7965296038793,34.2382250857489],[-77.7965953259498,34.2380395898634],[-77.7967440875,34.2378656871005],[-77.7968307254937,34.2377652093107],[-77.7970350597359,34.2375995710538],[-77.7972686957354,34.2374050373402],[-77.7974512640978,34.2372532208154],[-77.7975022889401,34.237211054497],[-77.7975326726395,34.2371270772455],[-77.7976287272532,34.2368634134923],[-77.7977247120794,34.2366019622504],[-77.7976800387774,34.2365949424625],[-77.7977017191091,34.2365174777825],[-77.7977243247591,34.2364436249512],[-77.7977834699489,34.2363437408452],[-77.7978203302768,34.2362721139325],[-77.7978312783514,34.2362508377834],[-77.7978390204418,34.2362385303355],[-77.797964524526,34.2360266836256],[-77.7979889085336,34.235900518006],[-77.7979151473352,34.2356822478465],[-77.7979882398697,34.2355359296204],[-77.7979899803441,34.2355078308832],[-77.7979966180305,34.2353911675026],[-77.7979661113538,34.2352578487966],[-77.7980092181386,34.23514399536],[-77.79809077765,34.2351178641177],[-77.7981757771131,34.2350212077054],[-77.7982742668939,34.2349046520194],[-77.7982576682122,34.2348618054547],[-77.7983333790755,34.2348550947557],[-77.7983552371429,34.2348324632598],[-77.7983929470194,34.2347934767752],[-77.7984005116488,34.2347500590734],[-77.7984542459889,34.2346825675009],[-77.7984735156149,34.2345638214393],[-77.7985062062776,34.2344823671462],[-77.7985107188745,34.2344705780341],[-77.7986390201332,34.2342204417087],[-77.7987045176066,34.2339319618301],[-77.7987050812088,34.2339173436644],[-77.7987068270441,34.2338887833931],[-77.7987678959775,34.2337720567581],[-77.7988266676175,34.2336952838574],[-77.7988623441081,34.2336155138125],[-77.7990018814807,34.2333674085452],[-77.7990495519714,34.2332814500221],[-77.7990843783157,34.2331446617963],[-77.7991269610173,34.2330883676778],[-77.7992196776472,34.2331201444218],[-77.799248030313,34.2330865594444],[-77.7992541867648,34.2330268764559],[-77.7993262485811,34.2330182388653],[-77.7993669274781,34.2329795145204],[-77.7994868660974,34.2328942547602],[-77.7995288706329,34.2328776403426],[-77.7996964627549,34.232753201326],[-77.7998388382885,34.2326513637166],[-77.7998432120224,34.2325552894072],[-77.7999231611429,34.2323702251235],[-77.7999623900862,34.2320440383033],[-77.8001332709885,34.2317153056992],[-77.8002351786338,34.2315758459434],[-77.800364991123,34.2313981985521],[-77.8004621782452,34.2313429884932],[-77.8006117061921,34.2312580417696],[-77.8009943589465,34.2312753746115],[-77.8013417382017,34.2311888173231],[-77.8017243603533,34.2310951711156],[-77.802040164471,34.2309697482446],[-77.8023763615009,34.2307875410068],[-77.802578788238,34.2306116692202],[-77.802857397237,34.2305142149483],[-77.8030362996657,34.2302032081346],[-77.8033422921523,34.2299262364096],[-77.8035855768518,34.2295902274819],[-77.8038141328528,34.2293412275477],[-77.8038580773436,34.2292933540808],[-77.8039590780492,34.2290727097402],[-77.8041586550293,34.2286365993431],[-77.8043000737785,34.2283271296935],[-77.8045038208515,34.2278808848944],[-77.8045134197428,34.227872965364],[-77.8049480623102,34.2275143822496],[-77.8053406213601,34.2273519765427],[-77.8056364446275,34.2272296857844],[-77.8056891177489,34.2271641972695],[-77.8057931019654,34.2270349185795],[-77.8058711438232,34.2269340872729],[-77.8059397014778,34.2269396856574],[-77.805947322855,34.2269436636511],[-77.8061242737346,34.2270360186839],[-77.8063241096445,34.2269917300609],[-77.8063798420912,34.2268992248515],[-77.8064871989876,34.2267659178468],[-77.8065401955208,34.2267003636841],[-77.8065705691583,34.2266646173233],[-77.8066262092731,34.2265979544917],[-77.8067471062674,34.2264915030745],[-77.8069244704302,34.2263770687342],[-77.8070805004641,34.226293003051],[-77.8072113188526,34.2262095041273],[-77.8074347367675,34.2260277558113],[-77.8075121031964,34.2259761973411],[-77.8075994915698,34.2258920004805],[-77.8077524307169,34.2257456584291],[-77.8078485890153,34.2256530005339],[-77.8079181761574,34.2256090966696],[-77.8079609922086,34.2255819926882],[-77.8080730810438,34.2254646941024],[-77.8082006692444,34.2253310374794],[-77.8082224603623,34.2253150019277],[-77.8083972947913,34.2251889690404],[-77.8085031897934,34.2251126587907],[-77.808579037546,34.2250690504708],[-77.8087016461315,34.2250061376009],[-77.8087588403369,34.2249477744167],[-77.8088109534193,34.2248948590189],[-77.8088217245996,34.2248834222319],[-77.8089688173105,34.224753534721],[-77.8091306942433,34.2246108573426],[-77.8091750175952,34.2245713808749],[-77.8092986155778,34.2244833866603],[-77.809473471176,34.2243579050995],[-77.8096489910651,34.2242324569534],[-77.8098238508857,34.2241066837416],[-77.8099987166591,34.2239803856478],[-77.8101494993114,34.2238710271588],[-77.8101732388432,34.2238537926893],[-77.8103152809455,34.2237511256088],[-77.8104841351842,34.2236291556482],[-77.8105849527139,34.2235564307605],[-77.8106117459752,34.2235371025857],[-77.8106252578718,34.223544126592],[-77.8106413900512,34.2235517311189],[-77.810737841759,34.223460147634],[-77.8108693826269,34.2233042290638],[-77.810876883179,34.2232913666837],[-77.8110105896784,34.2230506315452],[-77.8110323284115,34.2230409336634],[-77.8111337021666,34.2229962398569],[-77.8111377337218,34.2229944606691],[-77.8111503538324,34.2229218161874],[-77.8111509479038,34.2229184007755],[-77.811161322871,34.2228586763819],[-77.8111636555968,34.2228452505026],[-77.8111651610591,34.2228365846074],[-77.8111703377671,34.2228067917214],[-77.8111711022784,34.2228023944313],[-77.8111772988656,34.2227868505209],[-77.8111922087733,34.2227494463453],[-77.8112008804202,34.2227276911447],[-77.8112182878413,34.2226840227099],[-77.8112220769383,34.2226745185665],[-77.8112446370908,34.2226179229023],[-77.8112476481134,34.2226103691503],[-77.8112558017556,34.2225899133133],[-77.811273327816,34.2225459160906],[-77.8112766710782,34.2225375245116],[-77.8112946373951,34.2224924227789],[-77.8113023131439,34.2224722912455],[-77.8113046739427,34.2224661004546],[-77.8113292655632,34.2224016077127],[-77.8113314763542,34.2223958093997],[-77.8113558930942,34.2223317755977],[-77.8113596379011,34.2223219536703],[-77.8113609158588,34.2223186027584],[-77.8113757638648,34.2222796085439],[-77.8113805962808,34.2222669161312],[-77.8113836692617,34.2222537824971],[-77.8113866474641,34.2222410500044],[-77.8113963013242,34.2221997863505],[-77.8113979471027,34.2221927527242],[-77.8114116904046,34.2221339444226],[-77.8114157189975,34.2221167065932],[-77.8114267406578,34.2220695460856],[-77.8114302348773,34.2220545946403],[-77.8114441042101,34.2219952466699],[-77.8114449843832,34.2219914825044],[-77.8114586316131,34.2219330852453],[-77.8114623363234,34.2219172334576],[-77.811476412584,34.2218570040398],[-77.811476973583,34.2218546016222],[-77.8114872246306,34.221858490921],[-77.811490962586,34.2218599092478],[-77.8114982018607,34.2217711116367],[-77.8114993620675,34.2217568789394],[-77.8115025842123,34.2217173552826],[-77.8115234168328,34.2216742636027],[-77.8115267962721,34.221667273362],[-77.8115379626239,34.2216441762278],[-77.8115461178873,34.2215713376651],[-77.8115467631775,34.2215655715611],[-77.8115471891216,34.2215617713241],[-77.8115544169936,34.2214840750894],[-77.8115563948058,34.2214628122485],[-77.8115568827709,34.2214575701742],[-77.8115591378836,34.2214333323247],[-77.811563668845,34.2213846224332],[-77.8115006978635,34.2212781506731],[-77.8115006004016,34.221272714356],[-77.8114992744203,34.2212132873814],[-77.8114980398351,34.2211579858337],[-77.8114961990473,34.221075469064],[-77.8115388139821,34.2209495744805],[-77.8115404689919,34.2209446838917],[-77.8115513250561,34.2209126116092],[-77.8116093296958,34.2207411983578],[-77.8117275232768,34.2206874703098],[-77.8117551893819,34.2206748931493],[-77.8120222211146,34.2205535051899],[-77.812110844135,34.2205112550195],[-77.812215408974,34.2204613821072],[-77.8121497751278,34.2203807889055],[-77.8121504168422,34.2203803904958],[-77.8122240732019,34.2203191800684],[-77.812360591501,34.2203162609748],[-77.8123617848526,34.2203157652716],[-77.8125389619355,34.2204259029985],[-77.8125387583589,34.2204270017481],[-77.8125433503315,34.2204298556564],[-77.8127086789573,34.2204394310186],[-77.8127953933606,34.2204444585411],[-77.8128864848774,34.2204228639225],[-77.8130305407444,34.2203887213013],[-77.8131795763798,34.2203534045846],[-77.8132334468905,34.2203247217999],[-77.8132573871444,34.2203119747677],[-77.8133495838391,34.2202628849864],[-77.8132912752213,34.2200621997612],[-77.8133160511401,34.2200544239595],[-77.8134558975181,34.2202471469038],[-77.8134572558392,34.220247328978],[-77.81345977048,34.2202507951004],[-77.8134885398532,34.2202546634545],[-77.8135431107605,34.2202619956369],[-77.8137176111281,34.2202041096652],[-77.813894127673,34.2201800266174],[-77.8139614768588,34.2201466739244],[-77.8140001931818,34.2201275012216],[-77.8140265382067,34.220114454254],[-77.8142214111339,34.2199946549933],[-77.8142169145258,34.219981846463],[-77.8142429062942,34.2199665673529],[-77.8142508580619,34.21996189157],[-77.8142595639321,34.2199567743058],[-77.8142791101647,34.2199452735656],[-77.8143867455104,34.2198818791983],[-77.8144319106192,34.2198552876144],[-77.8144858329305,34.2198235521968],[-77.8144953609405,34.219817939115],[-77.8144956980861,34.2198177387132],[-77.8134695799251,34.2192366150714],[-77.8133316166337,34.2191556108423],[-77.8133296467074,34.2191544914089],[-77.8132010431182,34.2190875050597],[-77.8134782729502,34.218405072046],[-77.813531361293,34.2183347125148],[-77.813594613504,34.218250887602],[-77.8136541995192,34.2182247757742],[-77.8137055234985,34.2182022826891],[-77.8137782587578,34.2181704098207],[-77.813790468844,34.2181650596246],[-77.8138202721416,34.2181520010639],[-77.8138301559761,34.2181476699442],[-77.813883163652,34.2180720967984],[-77.8139562609139,34.2179678838877],[-77.8140516945667,34.2180061392268],[-77.8140738487596,34.217991507242],[-77.8141294448133,34.2179058706229],[-77.8143270614281,34.2177566264924],[-77.8142726493152,34.21772402175],[-77.8142591590515,34.2176840662677],[-77.8143460733239,34.2175561185447],[-77.8143203480795,34.2175430281613],[-77.8145739474383,34.21722538913],[-77.8145882098186,34.2172323236696],[-77.8145940958582,34.2172255502439],[-77.814608135053,34.2172323833985],[-77.8146639179735,34.2171536793902],[-77.8146961238314,34.2170215321115],[-77.8147229890175,34.2169778822217],[-77.8149234270001,34.2167204379218],[-77.8149260059449,34.2167023598166],[-77.814906846918,34.2166933960859],[-77.8149264894095,34.2166705305834],[-77.8152045669195,34.2163468187311],[-77.815181963113,34.2163362909872],[-77.8152927308792,34.2162012550938],[-77.8152814512429,34.2161951976518],[-77.8152923493414,34.2161827915256],[-77.8152019644701,34.2161240773619],[-77.815312363335,34.2160109207046],[-77.8153920404682,34.2160662200056],[-77.8154182417857,34.2160429001668],[-77.8154218522342,34.2160453241193],[-77.8156595374033,34.2158164929292],[-77.8157346727355,34.2158119564339],[-77.8156562701211,34.2157590437312],[-77.8157763108647,34.2156384237785],[-77.8159090250052,34.2155050662307],[-77.8161501826902,34.2152861727597],[-77.8161393751776,34.2152777724857],[-77.8162321149859,34.215307890114],[-77.816314985751,34.2153327269958],[-77.8163793043437,34.215352001508],[-77.8164038683032,34.2153417861463],[-77.8165176069768,34.2152990243083],[-77.8165178731933,34.2152989250718],[-77.8165497267979,34.215286949966],[-77.8166006617102,34.2152593211983],[-77.8166066465781,34.2152560754524],[-77.8167622488463,34.2151716714899],[-77.8167632697681,34.2151710847849],[-77.8167634930084,34.2151709553718],[-77.8169258693635,34.2150774379748],[-77.8169302814033,34.2150748960633],[-77.8169415215526,34.2150684234599],[-77.8169471751817,34.2150626212778],[-77.816947386668,34.2150624033978],[-77.8169627528009,34.2150466254561],[-77.8169822647122,34.2150265918545],[-77.8169823980084,34.2150264534367],[-77.8169829057455,34.2150259337717],[-77.8169918956741,34.2150167018327],[-77.816997590038,34.2150108585812],[-77.8169991772167,34.2150092280967],[-77.8170015816495,34.2150067591644],[-77.8170106695534,34.2149974299269],[-77.8170264013704,34.2149812742497],[-77.8170304865794,34.2149770801961],[-77.8170309295336,34.2149766888087],[-77.8170415789308,34.2149672920871],[-77.8170535154382,34.2149567568501],[-77.8171787306512,34.2148462631895],[-77.8172240345237,34.2148322880243],[-77.8172271345615,34.2148313324337],[-77.8172291543848,34.2148307096344],[-77.8172322544742,34.2148297504381],[-77.8172353545119,34.2148287948473],[-77.8172384578046,34.2148278392886],[-77.8172415578421,34.2148268836977],[-77.8172446568462,34.2148259244903],[-77.8172477568835,34.2148249688992],[-77.8172503947376,34.2148241565845],[-77.817250860176,34.2148240133403],[-77.8172539602131,34.214823057749],[-77.817257060302,34.2148220985521],[-77.817260159254,34.2148211429499],[-77.8172632658401,34.2148201847186],[-77.8172663625831,34.214819231799],[-77.8172694626716,34.2148182726017],[-77.8172725627084,34.21481731701],[-77.8172756649152,34.2148163614397],[-77.8172787650294,34.2148154004393],[-77.8172818617849,34.2148144466179],[-77.8172849650766,34.2148134910581],[-77.817288065113,34.214812535466],[-77.8172911673582,34.214811577191],[-77.8172933539437,34.2148109037523],[-77.817295104189,34.2148085716828],[-77.8172968511791,34.214806239581],[-77.8172986014242,34.2148039075115],[-77.8173003549244,34.2148015754741],[-77.817302100842,34.2147992424602],[-77.8173038478318,34.2147969103583],[-77.8173055980765,34.2147945782887],[-77.8173073483211,34.214792246219],[-77.8173090953105,34.214789914117],[-77.8173108455549,34.2147875820473],[-77.8173125957605,34.2147852526818],[-77.8173143427496,34.2147829205798],[-77.8173160929937,34.21478058851],[-77.8173178432378,34.2147782564401],[-77.8173195934817,34.2147759243703],[-77.8173213393853,34.2147735922574],[-77.8173230896291,34.2147712601876],[-77.8173248398728,34.2147689281176],[-77.8173265868611,34.2147665960154],[-77.8173283371046,34.2147642639455],[-77.817330087348,34.2147619318755],[-77.8173318375912,34.2147595998054],[-77.8173335845793,34.2147572677031],[-77.8173353348223,34.2147549356331],[-77.8173370850652,34.214752603563],[-77.8173388309679,34.2147502714499],[-77.8173405812106,34.2147479393797],[-77.8173423314533,34.2147456073096],[-77.8173440816959,34.2147432752394],[-77.8173458286832,34.2147409431369],[-77.8173475788868,34.2147386137709],[-77.817349329129,34.2147362817006],[-77.817351076116,34.2147339495981],[-77.8173528263581,34.2147316175277],[-77.817354576613,34.214729284556],[-77.81735633011,34.2147269525178],[-77.8173580727564,34.2147246203722],[-77.817358956687,34.2147234454089],[-77.8173612670831,34.214721478594],[-77.8173635806955,34.2147195145154],[-77.8173658953798,34.214717551349],[-77.8173682057368,34.2147155872381],[-77.8173705193489,34.2147136231594],[-77.8173728329996,34.2147116563765],[-77.8173733987693,34.2147111760502],[-77.8173800528279,34.2146992497239],[-77.8173845716672,34.2146911500046],[-77.8173886181889,34.2146839002633],[-77.8174110069884,34.214621778181],[-77.8174603404193,34.214526349695],[-77.8175210451409,34.2144450282096],[-77.8175261327467,34.2144330584267],[-77.8175263576866,34.2144331886703],[-77.8175639162199,34.2143450406932],[-77.8176756859568,34.2142701493211],[-77.8177470692482,34.2141926459001],[-77.8177958343398,34.2141914713684],[-77.8178589461609,34.2141125229295],[-77.8178859426667,34.2141017714849],[-77.8178979752361,34.2140484828535],[-77.8179724296641,34.2139888924799],[-77.8180379847474,34.2138515876024],[-77.8181014749391,34.2137583949729],[-77.8181096504848,34.2136493057058],[-77.8181438969496,34.2135649554157],[-77.8182216664599,34.2133545641544],[-77.8182658039194,34.2132612954386],[-77.8183100312818,34.2131615185365],[-77.8183339259726,34.2131229718375],[-77.8183583795442,34.213045646753],[-77.8184178661163,34.2129654388163],[-77.8184222017239,34.2129364099873],[-77.8184619583959,34.212875369128],[-77.8184724389504,34.2128518986037],[-77.8184820584053,34.2128303596606],[-77.8185695468468,34.2126987085533],[-77.8186527782818,34.212592859515],[-77.818744065271,34.2124644751328],[-77.8188352036367,34.212349023495],[-77.8189299473218,34.2122530011827],[-77.818965620239,34.2122081437699],[-77.8190165075394,34.2121859984611],[-77.8190837973376,34.2121058709477],[-77.8191428337284,34.2120547317251],[-77.8192202876782,34.2120235171266],[-77.8192602201115,34.2120074272307],[-77.8193738066139,34.2119568269406],[-77.8194636573819,34.2119286430192],[-77.8194798748538,34.2118835652873],[-77.8194808003373,34.2118189138694],[-77.8194345865574,34.2117861472708],[-77.8194299659341,34.2117641628419],[-77.8194126925927,34.211682499112],[-77.8194957725363,34.2115895868098],[-77.8195936597983,34.2115453159299],[-77.8197571382302,34.2115392867534],[-77.8197576006874,34.211506973214],[-77.8197424144468,34.2114538528123],[-77.8197205469229,34.2114177134731],[-77.8197158468644,34.2113887648419],[-77.8195435675906,34.2112565481837],[-77.8188103092937,34.2106937715104],[-77.8198170834226,34.2078966055644],[-77.8205951948193,34.2057420183784],[-77.820785067733,34.2052158046834],[-77.8209890449943,34.2046499886665],[-77.8210763529462,34.2044077101187],[-77.8211981809285,34.2040710519155],[-77.82127823548,34.2038487895889],[-77.8214610705654,34.2033442243902],[-77.8215563563019,34.203079696062],[-77.8216577819582,34.2027989745425],[-77.822082418939,34.2015635074885],[-77.8224688243759,34.2004953262853],[-77.823397153188,34.1980656466126],[-77.8234726896366,34.1978977973243],[-77.8234841148498,34.1978657513869],[-77.8235258927327,34.1977485682234],[-77.8235923235515,34.1975622280863],[-77.8236244998422,34.197471920498],[-77.8236813058701,34.1973125539647],[-77.8238134234227,34.19694194603],[-77.8242383118911,34.1957500590368],[-77.8242575152981,34.1956961923572],[-77.8249338202628,34.1945518286414],[-77.8252339480423,34.1940439769827],[-77.8256983874436,34.1934357671696],[-77.8261263300399,34.1928753440671],[-77.8278305913952,34.190643323646],[-77.8290052987815,34.1891326036122],[-77.8320293175155,34.1854996895306],[-77.8332124790482,34.1839173186957],[-77.8332278355168,34.1839174687022],[-77.8342330595771,34.1825904123485],[-77.8413757560251,34.1731590286229],[-77.8416255572636,34.1728291193788],[-77.8418607793853,34.1725184879971],[-77.8423565567297,34.1718637416996],[-77.8425760554977,34.171573858425],[-77.852703940821,34.1582986049838],[-77.8530497650898,34.1584290064362],[-77.8530886831197,34.1584459420791],[-77.8531683865862,34.1584764640822],[-77.8532775296731,34.1585377590787],[-77.8533254210619,34.1585647327025],[-77.8533793501674,34.1585951062203],[-77.8534206390118,34.1586183616407],[-77.8534947059338,34.1586546441091],[-77.8535328371752,34.1586774878295],[-77.8534957630409,34.15870563164],[-77.8535644301972,34.1587498992748],[-77.8536670406582,34.1587675093181],[-77.8537541945999,34.1588147625506],[-77.8537560837196,34.1588146860251],[-77.8538503944769,34.1588108529066],[-77.8540087549689,34.1587773415312],[-77.8541555662778,34.1587426219726],[-77.8542454494975,34.1587165749637],[-77.8543084586133,34.1586634957876],[-77.8543930842917,34.1586040095136],[-77.854455384186,34.1585693523393],[-77.8544783172728,34.1585505295273],[-77.8545929604451,34.15848074362],[-77.8546357543642,34.1584590262845],[-77.8547516356778,34.1585483379984],[-77.8548509227274,34.158603502239],[-77.8548555944088,34.1586060947374],[-77.854880863418,34.1586128217018],[-77.8549107330668,34.1586207746725],[-77.8549115931334,34.1586210028912],[-77.8550919941505,34.1586798305172],[-77.8551114128268,34.1586989630554],[-77.8551599768599,34.1587094725109],[-77.8551777823868,34.1587133250289],[-77.8552308494708,34.1587837692326],[-77.8552517685276,34.1587751132431],[-77.8552883406377,34.1587599775266],[-77.8553578337964,34.1587800281868],[-77.8553670917482,34.1587826961813],[-77.8553874601436,34.1587791032372],[-77.8553878461031,34.1587790330122],[-77.8556563164965,34.1587315672652],[-77.8556566654762,34.1587315047985],[-77.8559050366714,34.1586538820467],[-77.8559817870021,34.1586118312335],[-77.8559827770437,34.1586112889883],[-77.8560309657369,34.1585848871543],[-77.8562226098898,34.1585381040035],[-77.8562527508654,34.1585413542021],[-77.8562717880443,34.1585373264459],[-77.8564614446028,34.1585628185864],[-77.8565221048667,34.1586248209644],[-77.8565731646385,34.1586755399086],[-77.8566135068958,34.1586886764058],[-77.8567332380163,34.1587276794457],[-77.8567631643331,34.1587374283219],[-77.8569314160927,34.158770530057],[-77.8571138600642,34.1587765631168],[-77.8573259925324,34.1587639471755],[-77.8573470854045,34.1587626930634],[-77.8573472845843,34.1587626408781],[-77.8573826170904,34.1587605601967],[-77.8575474968422,34.1587507074208],[-77.8577153262118,34.158852499841],[-77.8578189942879,34.158952193522],[-77.8578490627877,34.1590007331915],[-77.8578491266484,34.1590008987805],[-77.8578551612558,34.1590106478425],[-77.857879583999,34.1590501020745],[-77.8579413823276,34.1591895137197],[-77.8579847188511,34.159287311298],[-77.8580172002728,34.1593229389909],[-77.8580373369468,34.1593450249835],[-77.8580881602898,34.1593524274749],[-77.8580906463303,34.1593527884172],[-77.8581421739352,34.1593603166211],[-77.8581647746999,34.1593896040581],[-77.8581960589339,34.1594219432281],[-77.8582303174139,34.159430569295],[-77.8582546912858,34.1594367388582],[-77.8582846977623,34.1594373548157],[-77.8583181257037,34.1594437750102],[-77.8583586913658,34.1594455917591],[-77.8583870406522,34.1594510762832],[-77.8583912631317,34.1594518937621],[-77.8584105247116,34.1594597164879],[-77.8584030038145,34.1594681089593],[-77.8585910266358,34.1594772158792],[-77.8586617636432,34.1595154817928],[-77.858721859049,34.159610967312],[-77.8587225711158,34.1596120180779],[-77.8589591935687,34.159849934934],[-77.8589640166447,34.1598549258589],[-77.8589657117485,34.1598566468311],[-77.8589692177308,34.1598602647765],[-77.8589694060441,34.1598600574233],[-77.8589690082547,34.1598596497412],[-77.8589750549551,34.159852930793],[-77.8591318012955,34.1600143635481],[-77.8591801468461,34.160118427231],[-77.8591621340511,34.1602695518652],[-77.8590536143879,34.1604237234677],[-77.8590198687805,34.1605812671465],[-77.8590086291708,34.1605975782391],[-77.8590057041774,34.1606018225952],[-77.8589670981,34.1606578510107],[-77.8589885326184,34.1608573314742],[-77.8590796082687,34.1607272098844],[-77.8591247953698,34.1606908424569],[-77.8591281577782,34.1606881402705],[-77.859135257803,34.1606824239501],[-77.859209626682,34.1606225748219],[-77.8592793362343,34.1605676079476],[-77.8593065038221,34.1605461868104],[-77.8594387427907,34.1603700659407],[-77.8594770884378,34.1603481475141],[-77.859512900012,34.1603149800454],[-77.8595883669971,34.1601995633631],[-77.8596455225412,34.1601686461451],[-77.8597516887498,34.1601151513479],[-77.8598168870499,34.1600949614068],[-77.8598200474093,34.1600944777165],[-77.8598311315504,34.1600927769043],[-77.8599078988716,34.1600810003769],[-77.8599783827491,34.1601257378042],[-77.8599898993055,34.1601366182124],[-77.8599934148758,34.1601399387173],[-77.8600311118332,34.1601755561473],[-77.8600443680676,34.1601660932283],[-77.8600456101126,34.1601652071713],[-77.8600590711825,34.1601555965538],[-77.8601069848246,34.1601818915072],[-77.8601148465542,34.1602058928972],[-77.86011496206,34.1602062455927],[-77.8601221452802,34.1602281787289],[-77.8601600379918,34.1602676105149],[-77.8601851789408,34.1603145312039],[-77.8601863725719,34.1603167576322],[-77.8602078673029,34.160373978539],[-77.8602536856005,34.1604810891349],[-77.8602544630407,34.1604829050046],[-77.8602573909622,34.1604897502455],[-77.8602421196707,34.1605657991641],[-77.8602367377633,34.1606237930705],[-77.8602671652271,34.160630236364],[-77.8603491308449,34.1606099861915],[-77.8603902153706,34.1606164455177],[-77.8604367283732,34.1605843030577],[-77.8604611893346,34.1606173428048],[-77.8604763105028,34.1606127000314],[-77.8605044095876,34.1605549012605],[-77.8605053070933,34.1605530490874],[-77.8606558719709,34.1605708880151],[-77.8606667683901,34.160572182888],[-77.8606717553591,34.160572775889],[-77.8606518424236,34.1606164141966],[-77.8608323807595,34.1606578071148],[-77.8609496721946,34.1606986983497],[-77.8610077361,34.1607174565884],[-77.8610110204908,34.1607185165502],[-77.8610111943244,34.1607185722994],[-77.8610914393044,34.1607267265276],[-77.8611137070476,34.1607290133035],[-77.8611686117235,34.1607345818444],[-77.8612422238755,34.1607270268335],[-77.8613039318723,34.1607200776754],[-77.8613532990072,34.1607218835714],[-77.8613645725975,34.1607244549231],[-77.8613659358313,34.1607247672266],[-77.8613898126832,34.1607302183037],[-77.8613924339263,34.1607302162518],[-77.8613955475383,34.1607302134856],[-77.8614025490987,34.1607302072223],[-77.8614227328167,34.1607301887161],[-77.8614253498813,34.160734340828],[-77.8614394066608,34.1607343693776],[-77.8614533064212,34.1607343811025],[-77.8614771075659,34.1607724376167],[-77.8615103202658,34.1608144017942],[-77.8615130404661,34.1608178390805],[-77.8615166691486,34.1608224002085],[-77.8615532650577,34.1608169180769],[-77.8615733026052,34.1608071364927],[-77.8615788290358,34.1607963772493],[-77.8615848919846,34.1607845394935],[-77.8616098809756,34.1607247067388],[-77.8616767499318,34.1606477179167],[-77.8617862655589,34.1606112730375],[-77.861786630792,34.1606085386027],[-77.8617867191004,34.1606078759257],[-77.8618398945098,34.1602184618729],[-77.8622459887334,34.1603571784541],[-77.8622476783932,34.1604386631028],[-77.8623276079109,34.1604504150677],[-77.8623396129122,34.1604451644969],[-77.8626281025132,34.1603189772642],[-77.8626303547243,34.1602747773648],[-77.8626568395398,34.1602157204364],[-77.862687845281,34.1601840640818],[-77.8627378215892,34.160153608013],[-77.8627843745185,34.1601331189789],[-77.86283743337,34.1601226933438],[-77.862911013237,34.1601203414779],[-77.8629795448783,34.1601240465904],[-77.8631569966089,34.1601420752683],[-77.8632278624705,34.1601541757761],[-77.8633957894729,34.1601677825239],[-77.8635888841824,34.1602232012325],[-77.8637484675754,34.1602333266447],[-77.863872117325,34.1602575000211],[-77.8639261374668,34.1602989483786],[-77.8640758004101,34.1602956635235],[-77.8641225323717,34.1602950027951],[-77.8643103709946,34.1602929245987],[-77.8644174441838,34.1603118506746],[-77.864444927994,34.1603349628549],[-77.8644676134329,34.1603943723615],[-77.8644864263778,34.1604504590007],[-77.8645365152502,34.1604448869987],[-77.8645746532132,34.1604639742005],[-77.8645811024057,34.16047833723],[-77.8645795155262,34.1605705728463],[-77.8645659299216,34.1606428627446],[-77.8645414309892,34.1607128726031],[-77.8645685082322,34.1607199888309],[-77.8647018421268,34.1606350847973],[-77.8647662974632,34.1605740065888],[-77.8647833030072,34.1605659103361],[-77.8648523594049,34.1605516827236],[-77.8649006275603,34.1605590327718],[-77.8649201400176,34.1605616884135],[-77.8649710655342,34.1605690916399],[-77.8650784956346,34.1605849706707],[-77.8652089911815,34.1606351967268],[-77.8652896968465,34.1606668118519],[-77.8654338507188,34.1607105701264],[-77.8655028841852,34.1607718432848],[-77.8655548031124,34.1608519109676],[-77.8655105328764,34.1610117382037],[-77.8655300566385,34.1610135806814],[-77.865642351768,34.1610141263956],[-77.8657679818455,34.1609321428395],[-77.8659145348226,34.1609236207555],[-77.8661481675256,34.1607932078169],[-77.8661489485143,34.1607902762788],[-77.8661519821708,34.160791830455],[-77.8663870551372,34.1607283802778],[-77.8664237427587,34.1607533770011],[-77.8664469503081,34.1607716538405],[-77.8664592863359,34.1607813685191],[-77.8664784600335,34.1607964553481],[-77.8665412211311,34.1608369216903],[-77.8665850798073,34.1608857414695],[-77.8665947951419,34.1608965257042],[-77.8666417877033,34.1609275269242],[-77.866649812738,34.1609364650269],[-77.8666946708618,34.1609864319691],[-77.866775542836,34.1610413807898],[-77.8668099209106,34.1610883191958],[-77.8668347661303,34.1611531975216],[-77.8668652984556,34.1611778796659],[-77.8668761649054,34.161186660806],[-77.8669117820244,34.1611189692096],[-77.8669134156106,34.1611158645513],[-77.8669216326746,34.1611002380509],[-77.8677171035837,34.1615851821236],[-77.8677099148394,34.1615858631225],[-77.8677127228427,34.1615875061725],[-77.8681123951452,34.1615731250819],[-77.868177953452,34.1615999139739],[-77.8682152420563,34.1616096260677],[-77.8682792528353,34.1616063670174],[-77.8683079354406,34.161590968636],[-77.8683270639453,34.1615476290653],[-77.8683416701325,34.1615204956212],[-77.8683566668781,34.1614674922693],[-77.8683831954629,34.1614382648851],[-77.86840277846,34.1614128653395],[-77.8684734519328,34.1614058324575],[-77.8685251570881,34.1614277776476],[-77.8685462298085,34.1614596657216],[-77.8685551717032,34.1615087687607],[-77.8685520111083,34.1615481045606],[-77.8685352629677,34.1615834729479],[-77.8685348894768,34.1616107115229],[-77.868546178498,34.1616342489772],[-77.8685695150618,34.1616463322824],[-77.868614581801,34.1616448110907],[-77.8686904381311,34.1616221272225],[-77.8687880730785,34.161579529508],[-77.8689514757015,34.1615717159354],[-77.8690295041481,34.161609562407],[-77.8690300891972,34.16160889271],[-77.8690304693307,34.1616084563688],[-77.8690556693047,34.1615796174292],[-77.8690558974118,34.1615793536413],[-77.8690580458192,34.1615799067863],[-77.8690571347171,34.1615769087193],[-77.869148111883,34.1615896108634],[-77.8691890003075,34.1615952683521],[-77.8691931626184,34.1615959018689],[-77.8693991517441,34.1616285121023],[-77.8694820738878,34.161686056829],[-77.8694830913339,34.1616870725569],[-77.8695001546428,34.1617041105392],[-77.8696136142214,34.1618174012311],[-77.8696551925955,34.1618589185143],[-77.8697674657231,34.1619211700302],[-77.8698295882442,34.1619545155967],[-77.8698423555498,34.161961368074],[-77.8698893754497,34.1619950980634],[-77.8699639261636,34.1620157992683],[-77.8699579681775,34.162022667457],[-77.869957777496,34.1620228910324],[-77.8699605853087,34.1620236811901],[-77.870190013781,34.1620883192609],[-77.8702596295795,34.162126488307],[-77.8702778481377,34.1621466157949],[-77.8702818213455,34.1621510041155],[-77.8702895978777,34.1621595943377],[-77.8702915799949,34.1621642946792],[-77.870293074737,34.1621678382681],[-77.8703216269599,34.1622355429258],[-77.8702979651287,34.1623198284045],[-77.8702324029951,34.1623847170537],[-77.8701685357008,34.1624329832625],[-77.8700596562536,34.162515258866],[-77.870020757274,34.1625984688486],[-77.8700233593057,34.162675427335],[-77.8700035597137,34.1628824136546],[-77.8700254057741,34.1629903934212],[-77.8700355420016,34.1629975779824],[-77.8700467615782,34.1629946316013],[-77.8700657827538,34.1629791242439],[-77.8701579775874,34.1628366450618],[-77.8701633282978,34.1628311224938],[-77.870239877177,34.1627521208557],[-77.8703459557839,34.1626702170596],[-77.8703638759457,34.162656380575],[-77.8704234834007,34.1626012954406],[-77.8704565411504,34.1625707446206],[-77.8704582344559,34.1625704000297],[-77.870481972165,34.1625655769536],[-77.8705567218863,34.1625503937869],[-77.8706535510397,34.1625519415324],[-77.8706956629056,34.1625602479167],[-77.8707152689644,34.1625641151332],[-77.8707555681123,34.1625817305713],[-77.8707623696074,34.1625847049934],[-77.8707886108015,34.1625961752497],[-77.8708469669442,34.1626310830602],[-77.8709197977749,34.1626896384244],[-77.8709428654242,34.1627081853174],[-77.8709780012079,34.1627364294558],[-77.8709882611536,34.1627355266736],[-77.871069213785,34.162728391996],[-77.8711116487582,34.1627375063439],[-77.871168402917,34.1627452504988],[-77.8712129905723,34.1627646787073],[-77.8712256490314,34.1627940932319],[-77.871239836271,34.1628335263658],[-77.8712428535189,34.1628772812778],[-77.8712545429421,34.1629206926445],[-77.8712637104094,34.1629653269736],[-77.8712732667206,34.162990018862],[-77.8712789368658,34.1630046662516],[-77.8712924492603,34.1630311210394],[-77.8713208533785,34.1630474149163],[-77.8713211032327,34.1630764831633],[-77.8713113936134,34.1631546531882],[-77.8712795269841,34.1632240367328],[-77.8713348269962,34.1632723083878],[-77.8713778660958,34.163279618098],[-77.8713982149014,34.1632922333527],[-77.8714150137771,34.1633026496046],[-77.8714832906445,34.1633143357655],[-77.8715103423466,34.1633117669477],[-77.8715147787119,34.1633066431654],[-77.8715196195543,34.163301047203],[-77.8715718004408,34.1632390217341],[-77.8716336155363,34.1631655406183],[-77.8716887948728,34.1630999517806],[-77.8718032411803,34.16296391019],[-77.8718042589201,34.1629694289896],[-77.8720684995993,34.1631495487761],[-77.8722689665855,34.163339544992],[-77.8724050621266,34.1633925809688],[-77.8725448174078,34.1633952663312],[-77.8726762418049,34.1633271108354],[-77.8726928816476,34.1633225863292],[-77.8729121086559,34.1633990255849],[-77.87300301578,34.1634392772427],[-77.8731452703457,34.1635253958504],[-77.8732183575652,34.163556932785],[-77.8732761885308,34.1635913485236],[-77.8733682803241,34.1636910960218],[-77.8733878936093,34.1637097135224],[-77.873523941268,34.163837930861],[-77.8735602182222,34.1638732474985],[-77.8736050150339,34.1639171629434],[-77.8736703879374,34.1639808399193],[-77.8737461217665,34.1640388547691],[-77.8738005087031,34.1641079237229],[-77.8738279772078,34.1641558028184],[-77.8738299622355,34.1642307134477],[-77.8738137484325,34.1643013559493],[-77.8737918035339,34.1643562128895],[-77.8737041178803,34.1645409276006],[-77.8735804581222,34.1647782753117],[-77.8735874611077,34.1649442335552],[-77.8735936386403,34.1650604679253],[-77.873604489757,34.1651186867258],[-77.8736126487166,34.1651368075943],[-77.8736497001194,34.1652191187038],[-77.8737148383591,34.1652778179598],[-77.8737568491136,34.1653266311728],[-77.8738294573134,34.1654131063099],[-77.8738938663719,34.1654416544855],[-77.8741895890654,34.1655727154227],[-77.8745404243799,34.1657191196218],[-77.8747096906281,34.1657896773591],[-77.8747199211034,34.1657761680291],[-77.8749972689677,34.1658484063627],[-77.8750848675777,34.165870995136],[-77.8753079507746,34.1659613343378],[-77.8754203856459,34.1660068651379],[-77.8755214261996,34.1660477845509],[-77.875566014141,34.1660766283921],[-77.8755959089719,34.1660959661868],[-77.87567736572,34.1661442152377],[-77.8757224804622,34.1661749193064],[-77.8758913985841,34.1662898800203],[-77.8759102700958,34.1663083404689],[-77.8759131021123,34.1663111104495],[-77.8759872932736,34.1663836787989],[-77.8760325374891,34.1664175555132],[-77.8760841096582,34.166456167946],[-77.8760887337201,34.166459630026],[-77.8762080178754,34.1665489410154],[-77.8762750761049,34.1665991465856],[-77.876321967892,34.1666515883549],[-77.8763421469667,34.1666741548375],[-77.8763951046941,34.1667333762832],[-77.876412575565,34.1667776123367],[-77.8764128653756,34.1667784715068],[-77.8764346306664,34.1668342928188],[-77.8764667228031,34.1670100223098],[-77.8764550009908,34.1671156205896],[-77.8764519509495,34.1671470188613],[-77.8764481478123,34.167179720857],[-77.8763543633445,34.1674040948299],[-77.8763502497774,34.1674131569644],[-77.8762919821175,34.1675544240347],[-77.876364308161,34.1676445938984],[-77.8763964125836,34.167768221126],[-77.8764390365054,34.1679256172688],[-77.8792372574565,34.1680450106813],[-77.879789960958,34.1680732825092],[-77.8801723044073,34.1680928585825],[-77.8807695001843,34.1681157868651],[-77.8809611259652,34.1681269755451],[-77.8811205912952,34.1681289925638],[-77.8812320994,34.1681341364388],[-77.8812874657881,34.1681341033724],[-77.8812975163304,34.168133326654],[-77.881482739038,34.1681188964497],[-77.8815050906593,34.1681161406961],[-77.8815241147256,34.168113788306],[-77.8815680240056,34.1681051591028],[-77.8816111639078,34.1680937586211],[-77.8817049445547,34.1680621632137],[-77.881778984234,34.1680290747865],[-77.8817953439905,34.1680193996098],[-77.8818150189408,34.1680077513949],[-77.881844812378,34.1679901505269],[-77.8818857085778,34.1679611123568],[-77.8819650376915,34.1678992021941],[-77.8820227569371,34.1678494188552],[-77.8820579483398,34.167812998775],[-77.8820907076952,34.1677726045613],[-77.8821362195017,34.1677101162833],[-77.882154344446,34.1676814175023],[-77.8821902639992,34.1676246235632],[-77.8822208197496,34.1675636243093],[-77.8822336602512,34.1675299050806],[-77.882248420763,34.1674781482013],[-77.8822572808732,34.1674334580949],[-77.8822628782596,34.1673867892684],[-77.882275081808,34.1670953613084],[-77.8823012176895,34.1666947185477],[-77.8823070549731,34.1665683622211],[-77.8823250841593,34.1663349294281],[-77.8823361621245,34.1660050267859],[-77.8823515522212,34.1657238041521],[-77.8823519761621,34.1654470905943],[-77.8823511161711,34.1654100139052],[-77.8823488414071,34.16531460474],[-77.8823399995687,34.165234019087],[-77.8823300461836,34.1651762458742],[-77.8823272320016,34.1651642996576],[-77.8823186071796,34.1651272656911],[-77.8822909736229,34.1650087981455],[-77.8822665092595,34.1649247522873],[-77.8821767137938,34.1646598119469],[-77.8821188561719,34.1645108813158],[-77.8821032423929,34.1644706716733],[-77.8821878100354,34.1644500360062],[-77.8822516057919,34.1644371446292],[-77.8825216807874,34.1643882721391],[-77.8825779762158,34.1643816760241],[-77.8826424477238,34.1643806231913],[-77.8827035340951,34.1643844780711],[-77.882916255017,34.1644230147866],[-77.882959035709,34.1644355088345],[-77.8830330818475,34.1644636770155],[-77.8830946621282,34.1644900995156],[-77.8834381112676,34.1646432698186],[-77.8835900639438,34.1647090011887],[-77.8837720904938,34.1647698937509],[-77.8852152034042,34.1652019724017],[-77.8854969393891,34.1653100508694],[-77.8867225159025,34.1657871165983],[-77.8879317193708,34.1661018214584],[-77.8891602442405,34.1666031393812],[-77.8911866932823,34.1673387408352],[-77.8911791944716,34.1675245344642],[-77.8911601131249,34.1679839430653],[-77.8910996441114,34.1694510414461],[-77.8910967776908,34.1695159926617],[-77.8910741373026,34.1700681706597],[-77.8910672766384,34.1702325123538],[-77.8910410391519,34.1707298239551],[-77.891038339493,34.1707848627335],[-77.8910118089763,34.1713273512576],[-77.8910360869411,34.1714936111726],[-77.8910162686435,34.1718828038504],[-77.8910157040016,34.1719014915961],[-77.8909987175703,34.1722543667696],[-77.8909812420217,34.1725887481725],[-77.8909676808466,34.1728612370096],[-77.890954602871,34.1731419909621],[-77.8909399154289,34.1734227263748],[-77.8909370909781,34.1735911273125],[-77.8915859489208,34.1736063698995],[-77.8922281103686,34.1736214521875],[-77.8922468829877,34.1736219021738],[-77.8929223769535,34.1736377316327],[-77.8929408004003,34.1736381755687],[-77.8929506552158,34.1733496970999],[-77.8929508181551,34.1733449097431],[-77.8929520343148,34.1733085943223],[-77.8932430515078,34.1733154222659],[-77.8935639849144,34.173322950368],[-77.893579848461,34.1733233173009],[-77.8936789976161,34.1733256646934],[-77.8937781467768,34.1733280120036],[-77.8937841629451,34.1733281227204],[-77.8937838701728,34.173335154558],[-77.8937796484384,34.1734379949512],[-77.8937793556653,34.1734450267889],[-77.8942566963849,34.1734585705261],[-77.8942618518023,34.1734587282422],[-77.8942950975996,34.1734596950494],[-77.8943109597019,34.1734601718567],[-77.8949728916503,34.1734800940941],[-77.8950047481702,34.1734810496524],[-77.8951380080015,34.1734848365186],[-77.8956873165153,34.1735004439522],[-77.8956985535412,34.1735007678244],[-77.8961281074931,34.1735129832345],[-77.8961345187803,34.1735131533788],[-77.8962403375506,34.1735161643046],[-77.8962836303444,34.1735173892889],[-77.8962873767671,34.1735207117485],[-77.8962883671073,34.1735215998811],[-77.896386975471,34.1736093210236],[-77.8965049101715,34.1737142566446],[-77.8965231110716,34.1737304502015],[-77.8965692467723,34.173771503383],[-77.8966959522568,34.1738842431544],[-77.8966961398429,34.1738844098651],[-77.8966999043741,34.1738877595246],[-77.8968361825093,34.174008680507],[-77.8968618666563,34.1740314421783],[-77.8971738234776,34.174308188215],[-77.8972008999059,34.1743322130749],[-77.8975112641483,34.1746075263305],[-77.8975399345428,34.1746329830137],[-77.8978304800363,34.1748907348202],[-77.897935118291,34.1749835579208],[-77.8982217599934,34.1749910031304],[-77.8991303993993,34.1750155966124],[-77.8992959036365,34.1740448175311],[-77.899323729117,34.1738815890736],[-77.8993526069366,34.1737275234258],[-77.8993866140825,34.173574182085],[-77.8994257261525,34.1734216847241],[-77.8990119482843,34.1730799784294],[-77.8989600862752,34.1730398731961],[-77.8986577313625,34.1727829023791],[-77.8985421880376,34.1726788582278],[-77.8984170173795,34.1725728085375],[-77.8983148076866,34.1724865064161],[-77.8980400013686,34.1722546141437],[-77.8979666154472,34.1721919540322],[-77.8977324017776,34.1719929100874],[-77.8974095746301,34.1717294347046],[-77.8972720664,34.1716100410258],[-77.8974517933511,34.1712245371952],[-77.8975373933978,34.1710405694428],[-77.8976107529536,34.1708829166464],[-77.8976543724395,34.1707910696598],[-77.8978591570753,34.1703650353652],[-77.8979058353662,34.1702668797601],[-77.8979273152384,34.1702219588212],[-77.898069486446,34.1699192537004],[-77.8982161470053,34.1696075223886],[-77.8982212690793,34.1695960266121],[-77.898386465388,34.1692555364247],[-77.8985287921731,34.1689671682012],[-77.898546168109,34.1689309585423],[-77.8987015439756,34.1686080246086],[-77.8987543676492,34.1685000411529],[-77.8988616600432,34.168278536904],[-77.8989844370414,34.1680158605987],[-77.8991023964378,34.16776555547],[-77.899295725339,34.167352902856],[-77.8994228765487,34.1670820401384],[-77.8996032694057,34.1666976440334],[-77.8997977550977,34.1667696767353],[-77.8999681495914,34.1668331716164],[-77.9003462961452,34.1669732692219],[-77.9006644052384,34.167088796553],[-77.900981864361,34.1672057162035],[-77.9010122550846,34.1672165499376],[-77.9011935635632,34.1672828750898],[-77.9013400121514,34.1673325708259],[-77.9014008377082,34.1673532206959],[-77.9017053164582,34.1674339664366],[-77.9017145892181,34.1674364371287],[-77.9020184719011,34.1675170314404],[-77.902038582766,34.1675223603947],[-77.9023326764552,34.1676003630951],[-77.9024451484183,34.1676301813515],[-77.9026421403687,34.1676824333099],[-77.9028010025154,34.1677245369456],[-77.902987224748,34.1677739559853],[-77.9032899277611,34.1678542179717],[-77.9033214367086,34.1678625605758],[-77.9039039792829,34.1680170547418],[-77.903909830608,34.1679821918006],[-77.9039314382039,34.1678538004723],[-77.9039530446601,34.1677254082314],[-77.9039615405928,34.1676749165268],[-77.9041277275306,34.1666871912214],[-77.9041718906359,34.166424747613],[-77.9041722221319,34.1664220812645],[-77.9041734807357,34.1664146111281],[-77.9042622656209,34.1658876239732],[-77.9042977252806,34.1656771369288],[-77.9043624640898,34.1652928537393],[-77.9043843508711,34.1651629332838],[-77.9047298233329,34.1643144426747],[-77.9047930222419,34.1641593611178],[-77.9044701591403,34.1641078511925],[-77.9044728603658,34.1641013417843],[-77.9044738716192,34.1640988556647],[-77.9044910773754,34.1640565647187],[-77.9045572435513,34.1638939864584],[-77.9046234430153,34.1637313318448],[-77.9046896589988,34.1635686385875],[-77.904722550757,34.1634878876694],[-77.9047558646984,34.1634059650392],[-77.9048220701131,34.1632432932614],[-77.9048882763511,34.1630806214612],[-77.9049097864113,34.1630277672096],[-77.904954474905,34.1629179369394],[-77.905020689296,34.1627552651541],[-77.9050869066313,34.1625925969718],[-77.9051544474973,34.1624266070888],[-77.9051620203187,34.1624079114673],[-77.9051647102872,34.1624012613067],[-77.9051656192693,34.1624019845425],[-77.9051657154797,34.1624017627502],[-77.9051609516294,34.1623979732756],[-77.9040035565108,34.1614774220955],[-77.9040777059418,34.1614078276659],[-77.9040904284,34.161395886652],[-77.9047937171093,34.1616443282891],[-77.904851400063,34.1616647050829],[-77.9050538778271,34.1617386839904],[-77.9050973204769,34.1617545559361],[-77.9052317400271,34.1618036669397],[-77.9052487708687,34.1618098902742],[-77.9053595157255,34.1617332822858],[-77.9053846234152,34.1617159157537],[-77.9055888199185,34.161631728664],[-77.905660427106,34.1616022084757],[-77.9058397518382,34.1615282794602],[-77.9059247224467,34.1614932452847],[-77.9059848523522,34.1614684563804],[-77.9059727345266,34.1613318279563],[-77.905962251978,34.1612136991906],[-77.9058964924655,34.1610815412419],[-77.9058825930242,34.1610536147571],[-77.9057915029868,34.1608748687317],[-77.9057485164735,34.1607905211975],[-77.905672001913,34.1607114215331],[-77.9056419892356,34.1606803948912],[-77.90561315104,34.1606061955114],[-77.9055630627746,34.1605486524947],[-77.9054849961664,34.1604589655115],[-77.9054754427441,34.1604239063575],[-77.905469545062,34.1604022601025],[-77.9054983203939,34.1603829862087],[-77.9054956612839,34.1603574732891],[-77.9054862969526,34.160267522593],[-77.9054768621886,34.1601769149485],[-77.9054405521914,34.159828256402],[-77.9054353280701,34.1597780725406],[-77.9054344358357,34.1597638249265],[-77.9054319775922,34.1597243980574],[-77.9053973107155,34.159166544429],[-77.9053875886028,34.1589794801361],[-77.9048805961523,34.1588004117936],[-77.9048930251089,34.1587921615206],[-77.9060235307365,34.1580414306482],[-77.9087117144283,34.1562337268277],[-77.9087119080889,34.1562335969765],[-77.9088256083635,34.1561571337556],[-77.9088348134614,34.1561509451363],[-77.90924977764,34.1565787042962],[-77.90927652081,34.1566062698834],[-77.909592689737,34.1569321836797],[-77.9096964334268,34.1570391229674],[-77.9097729578156,34.1571180028254],[-77.9098119747669,34.157158227634],[-77.9099039183602,34.1572530012484],[-77.9093897594496,34.1575983824736],[-77.9093905446971,34.1575991946981],[-77.9094932522711,34.1577050645244],[-77.9094901700976,34.1577071296934],[-77.9088500570048,34.1581362846158],[-77.9076077501632,34.1589691525177],[-77.907626389137,34.1589876427166],[-77.9076595953386,34.1590205795255],[-77.9076581899698,34.1590338441832],[-77.9076464688845,34.1591444574355],[-77.9076708335623,34.1591686245579],[-77.9079499311678,34.1594454605728],[-77.9079756501034,34.1594709706539],[-77.9082699046673,34.1597628510783],[-77.9083073897191,34.1597965227953],[-77.9083486674935,34.1598269756051],[-77.9083933395384,34.1598539155735],[-77.9089679214443,34.1594687692677],[-77.9089873439967,34.1594557485456],[-77.9091615195655,34.1593389952151],[-77.9091803183613,34.1593263942795],[-77.9092358164086,34.1592891935749],[-77.9094017697408,34.1591779532879],[-77.90941626076,34.1591682401914],[-77.9096826503958,34.1589896720926],[-77.9097057184188,34.1589742089831],[-77.9100077049171,34.1587717757484],[-77.9108372003762,34.1582182256452],[-77.9112629442834,34.1579413062429],[-77.9113694583932,34.1580507502916],[-77.911503779503,34.1581891104803],[-77.9119701391078,34.158668878106],[-77.9126859634761,34.1583631299422],[-77.9130475517969,34.1584237230785],[-77.9130455900355,34.1583975405679],[-77.9130650539612,34.1583296876598],[-77.913090871149,34.158305181498],[-77.913200030094,34.1582406178253],[-77.9132714666399,34.1582255969548],[-77.9134715514984,34.1582224476789],[-77.9135117193323,34.1582156308011],[-77.9135476855774,34.158201102893],[-77.9136512509421,34.158133781574],[-77.9137051812644,34.1581122346845],[-77.9139139774386,34.1580557573103],[-77.913969102034,34.1580443965572],[-77.9140188334721,34.1580390647396],[-77.9141081383377,34.1580508961073],[-77.9141936714821,34.1580434439788],[-77.9142346516708,34.1580281185425],[-77.9142710070166,34.1580080685761],[-77.914387068893,34.1579240001335],[-77.9144822047864,34.1578406113118],[-77.9145135776213,34.1578219124241],[-77.914682671851,34.1577337028152],[-77.914800641824,34.1576560448629],[-77.9148348212413,34.1576260339574],[-77.9149210897723,34.1575386985196],[-77.9149675980062,34.1575044074334],[-77.9150058296917,34.1574932145457],[-77.9150664709551,34.157490713014],[-77.9151508177335,34.1574992116358],[-77.915222817081,34.1574918702128],[-77.9152690055132,34.1574790916403],[-77.9153541607108,34.1574261673929],[-77.9153569915083,34.1574129354408],[-77.9153786643022,34.1573765308327],[-77.9154135877297,34.1573402177287],[-77.9154668282606,34.1572966533251],[-77.9155386536535,34.1572518657495],[-77.9155477008896,34.1572420637162],[-77.9155699015035,34.1572160700452],[-77.9156136171463,34.1571919900432],[-77.9156666695171,34.1571627299701],[-77.9157459755832,34.157102308535],[-77.9158015811967,34.1570543498471],[-77.9158491179886,34.156992566181],[-77.9158584609854,34.1569841019527],[-77.9159037447313,34.1569445688102],[-77.9159378171247,34.1569198449078],[-77.9159813281591,34.156911403282],[-77.9160076810514,34.1569204800591],[-77.9160392952575,34.1569364371655],[-77.9160704571917,34.1569576838477],[-77.9161032617851,34.1569816761181],[-77.9161405046894,34.1569976824875],[-77.9161679130027,34.1570036874344],[-77.9162123099891,34.1570024334224],[-77.9162525750977,34.1569907059681],[-77.9162909766425,34.1569665468395],[-77.9162996555081,34.1569608387882],[-77.9163617071371,34.156928115332],[-77.916410704483,34.1569040496186],[-77.9164759553101,34.1568803955167],[-77.9165188631189,34.1568381053921],[-77.916551864508,34.156799042938],[-77.916577280999,34.1567571160611],[-77.9165836959936,34.1567453427986],[-77.9166222717641,34.1567104571328],[-77.9166713297112,34.1566789507701],[-77.9167205262327,34.1566425026448],[-77.9167656168341,34.1566148286478],[-77.9167849964275,34.1565984905235],[-77.9168001091978,34.1565848470798],[-77.916825976907,34.1565324883229],[-77.9168477905628,34.1564850366881],[-77.9168736751086,34.1564552682066],[-77.9169144746024,34.1564030448758],[-77.9169287087332,34.1563761961874],[-77.9169385794137,34.1563570095514],[-77.916960161217,34.1563274634641],[-77.9169964830928,34.156309855485],[-77.9170579102701,34.1563005284082],[-77.9171197595222,34.1562829184137],[-77.9171857633334,34.1562501726852],[-77.9172034780417,34.1562379762775],[-77.9172348719682,34.1562173278096],[-77.9172841438451,34.1561750960312],[-77.9173116025699,34.1561505461709],[-77.917333086273,34.1561309428251],[-77.917376094229,34.1560836832686],[-77.9174125240851,34.1560311289682],[-77.9174414992307,34.1559950516503],[-77.9174512833419,34.1559822036337],[-77.917481596635,34.1559400910851],[-77.9175011102813,34.1558948271973],[-77.91750168945,34.1558507574477],[-77.9175005261983,34.1558113814092],[-77.917481780266,34.1557795214572],[-77.9174421377986,34.1557439263994],[-77.9174124120006,34.1557119966405],[-77.9173833945416,34.1556764978934],[-77.9173669224497,34.155644657638],[-77.9173630336478,34.1556132533123],[-77.9173995907379,34.1555777676303],[-77.9174423156868,34.1555517262191],[-77.9174998830114,34.1555327114218],[-77.917557604409,34.1555018656284],[-77.9176193770465,34.1554635856886],[-77.9176853591685,34.1554322629894],[-77.9177578181679,34.1554136129351],[-77.9178276043572,34.1554230559183],[-77.9178847337296,34.1554079026582],[-77.9179222646564,34.1553754502234],[-77.9179589332236,34.155333917131],[-77.9179889718704,34.155291540535],[-77.9180020913459,34.1552511598274],[-77.9180048161012,34.1552192628278],[-77.9180179820276,34.1551753377893],[-77.9180502651268,34.1551403369658],[-77.9180739710888,34.1551246472667],[-77.9181184738582,34.1551150788559],[-77.9181778411079,34.1551082035982],[-77.918228915602,34.1551015137191],[-77.9183071214212,34.1551008266688],[-77.9183468246421,34.1551053161668],[-77.9183878176226,34.1551101067204],[-77.9184552572538,34.1551195271806],[-77.9185124732344,34.1551271980228],[-77.91858908601,34.155117164794],[-77.9186588331558,34.1551054096547],[-77.9187312225018,34.1550922846615],[-77.9187973550293,34.1550733468073],[-77.9188758628714,34.155049520272],[-77.9189587721198,34.1550392823779],[-77.9190111575266,34.1550367338663],[-77.9190856074402,34.1550423787912],[-77.9191228863975,34.1550531251255],[-77.919171325936,34.155071501911],[-77.9192200116295,34.1550735689228],[-77.9192668553465,34.1550616088247],[-77.9193180790412,34.1550460831979],[-77.9193775184809,34.1550309501367],[-77.919441380682,34.1550119643358],[-77.9195090878797,34.1550037674461],[-77.919572657061,34.1550043426634],[-77.9196344252797,34.1549928059485],[-77.9196859486792,34.1549786486694],[-77.9197343333564,34.1549771986497],[-77.9197656656249,34.1549854478817],[-77.9198481954359,34.1550068364326],[-77.9199117040973,34.1550148529137],[-77.9200431796053,34.1550160421128],[-77.9201193264643,34.1550200447593],[-77.9201869686557,34.1550382756592],[-77.9202372771019,34.1550687338624],[-77.9202613669311,34.1550984302811],[-77.9202662114996,34.1551051047184],[-77.9202829203677,34.1551456958886],[-77.9203035606957,34.1551904794836],[-77.9203304706951,34.1552347977897],[-77.9203664604285,34.1552665229107],[-77.9204125623692,34.1552897903993],[-77.9204735733761,34.1553096181614],[-77.9205277759485,34.1553202835654],[-77.9206187167809,34.1553299152577],[-77.9207054426711,34.1553568647146],[-77.9207683169515,34.1553891202994],[-77.9208164335461,34.1554322346231],[-77.9208566444266,34.1554728073325],[-77.9208939738287,34.1555064312676],[-77.9209334874191,34.155549498447],[-77.9209498499101,34.1555898240527],[-77.9209621254571,34.1556378468057],[-77.9209700525665,34.1556921679006],[-77.9209777711083,34.1557329986695],[-77.9209878529039,34.1557752165862],[-77.9209999223344,34.1558122182773],[-77.9210059742044,34.1558549524045],[-77.921024816378,34.1558848644908],[-77.9210706978638,34.1559224628901],[-77.9211212918135,34.1559526321085],[-77.9211970185291,34.1559888431357],[-77.9212454100442,34.1560137906712],[-77.9212956736933,34.1560423584481],[-77.9213443930993,34.1560662018471],[-77.9214121195138,34.1560805635119],[-77.9214733328788,34.1560847215814],[-77.9215410269782,34.156074839387],[-77.9216006947388,34.1560718010757],[-77.921670510169,34.1560760096864],[-77.9217413482941,34.1560799633479],[-77.9217613701358,34.1560944764032],[-77.9217824047661,34.156133479192],[-77.9217985663938,34.1561864799457],[-77.9218105569549,34.1562322895273],[-77.9218226245678,34.1562751076812],[-77.9218327623496,34.1563101734252],[-77.9218494729278,34.1563507941407],[-77.9218698095627,34.1563895273705],[-77.9218951510736,34.1564252550642],[-77.9219190398696,34.1564491652221],[-77.9219506617782,34.1564618654587],[-77.9219801384648,34.1564621315807],[-77.9220123409857,34.1564574486551],[-77.9220486578343,34.1564398967996],[-77.9220933292604,34.1564176828996],[-77.9221443531159,34.1563934023598],[-77.9222018400045,34.1563779320258],[-77.9222591300541,34.1563801061075],[-77.9223034081645,34.1563879197878],[-77.922360334953,34.1564179121412],[-77.92239597231,34.1564551290895],[-77.9224230063535,34.1564873244893],[-77.9224291996273,34.1565190406222],[-77.9224257884228,34.1566035519452],[-77.9224181234947,34.1567111117348],[-77.922409876568,34.1567829338943],[-77.9224177893478,34.156835859222],[-77.9224511600952,34.1568700302212],[-77.922495399867,34.156880635469],[-77.922546406651,34.1568794360438],[-77.9225995908921,34.1568639564406],[-77.9226615186881,34.1568402689919],[-77.9227338906919,34.156828537848],[-77.9228014103386,34.1568291469737],[-77.9228648379643,34.1568434996798],[-77.9229088159979,34.1568741610821],[-77.9229447745597,34.1569111463693],[-77.9229587493778,34.1569605220884],[-77.9229685928285,34.1570154409091],[-77.9229779310057,34.1570609659117],[-77.922992388317,34.1570946470279],[-77.9230092824994,34.1571212552123],[-77.9230467963455,34.1571408697152],[-77.9230698376488,34.1571520660694],[-77.9231061524994,34.1571590215091],[-77.9231655252678,34.1571542948201],[-77.9232269297601,34.1571441214497],[-77.9233011979916,34.1571395867104],[-77.9233670439833,34.1571426541749],[-77.9234514430776,34.1571497518579],[-77.923530122661,34.1571611882889],[-77.9236159174013,34.1571702024329],[-77.92360729412,34.1571192261662],[-77.9235640289963,34.1568510669037],[-77.9234000092071,34.1558344276498],[-77.9233825539781,34.1557262356529],[-77.9232515159704,34.1549140061545],[-77.9232221915326,34.1547322392245],[-77.9231934040158,34.1545537956025],[-77.9231492667885,34.1542802103235],[-77.9231113128471,34.1540449518249],[-77.923074263916,34.1538153124993],[-77.9230371692322,34.1535853725528],[-77.9230349440253,34.1535715818757],[-77.922999540077,34.1533521147218],[-77.9229630275862,34.1531257887728],[-77.9229250256604,34.1528902169931],[-77.9228884273682,34.1526633511567],[-77.922866464067,34.1525272049289],[-77.9228411640737,34.1523703830593],[-77.922826909584,34.1522820180224],[-77.9227888442207,34.152046048988],[-77.9227185545736,34.1516103259745],[-77.9226715875035,34.1513191797757],[-77.9225116123918,34.1503274745065],[-77.9224736019404,34.1500918394881],[-77.922401788801,34.1496466548048],[-77.922344683482,34.1492926303379],[-77.9222875764726,34.1489386067468],[-77.9222642949356,34.1487942853852],[-77.9222260752017,34.1485573475653],[-77.9221812725657,34.148279575829],[-77.9221549149365,34.148116177742],[-77.9221109860811,34.1478438527053],[-77.92206706078,34.147571526793],[-77.9220594552909,34.1475243820784],[-77.9220231325516,34.1472991981436],[-77.9219792078184,34.1470268731255],[-77.9219352833869,34.1467545472024],[-77.921892819516,34.1464912901474],[-77.9218913571122,34.146482218552],[-77.9218474332486,34.1462098935232],[-77.9218035064695,34.1459375648558],[-77.9217595831974,34.1456652389185],[-77.9217156569863,34.1453929111454],[-77.9216717342939,34.1451205852009],[-77.9216685326643,34.1451007320449],[-77.9216278097584,34.1448482565292],[-77.9215838876339,34.1445759314791],[-77.9215333748811,34.1442627543975],[-77.9214828646681,34.1439495782324],[-77.9214696861331,34.1438678796129],[-77.9214457305591,34.1437193510582],[-77.9214081956355,34.143486623072],[-77.9213510966717,34.1431325984807],[-77.9212909252207,34.1427595098069],[-77.9212895009295,34.1427506846656],[-77.9212537780887,34.1425291995533],[-77.9212470020786,34.1424871837991],[-77.9212455777968,34.1424783586578],[-77.9212030835981,34.1422148551228],[-77.9212016582417,34.1422060299715],[-77.9211591610239,34.1419425300095],[-77.9211577356769,34.1419337048581],[-77.921115242039,34.1416702013165],[-77.9211138177854,34.1416613761747],[-77.9210757130086,34.141425107273],[-77.9210742887635,34.1414162821312],[-77.9210391267918,34.1411982611614],[-77.9210361842365,34.1411800114239],[-77.9210347599645,34.1411711889862],[-77.9209966524233,34.1409349173455],[-77.920995231412,34.140926094937],[-77.9209571306017,34.1406898233524],[-77.9209557063819,34.1406809982103],[-77.9209176024984,34.1404447301992],[-77.9209161782871,34.1404359050569],[-77.920873932618,34.1401739534217],[-77.9208725235931,34.1401652113555],[-77.9208607552532,34.140092257492],[-77.9208593462782,34.1400835118202],[-77.920847580118,34.1400105588774],[-77.9208461711104,34.1400018159098],[-77.9208173357523,34.1398230074249],[-77.9208146830936,34.1398065579186],[-77.9204149789297,34.1395145877058],[-77.9203156778635,34.1394420484196],[-77.9199044560247,34.1391416630936],[-77.9198912863775,34.1391320420185],[-77.9193823651299,34.1387602817771],[-77.9191514889893,34.1385916267762],[-77.9190523770198,34.1385188907117],[-77.9188728486155,34.1383871346463],[-77.9185141972703,34.1381239201662],[-77.9185073471268,34.1381188916869],[-77.9179623053722,34.1377188747203],[-77.9178555475707,34.137640523161],[-77.9178530376937,34.1376420942808],[-77.9176013983222,34.1374563952009],[-77.9173589441272,34.1372774744064],[-77.9170067832737,34.1370175867063],[-77.9168646521298,34.1369132698727],[-77.9166684864215,34.1367692936929],[-77.9166674684523,34.1367685452163],[-77.916231528089,34.1364485872164],[-77.9161110351874,34.1363601504013],[-77.9155948160917,34.1359812614138],[-77.915467079625,34.1358875050411],[-77.9151631115973,34.1356644012918],[-77.9151053811078,34.1356220267234],[-77.9150288882363,34.1355658832169],[-77.9150282675824,34.1355654277222],[-77.9149565779688,34.1355130510631],[-77.9145399014215,34.1352086380936],[-77.91430049203,34.1350337279076],[-77.9137965757713,34.1346655681767],[-77.9137865968073,34.1346582752085],[-77.9140372175516,34.1343574404325],[-77.9145174013487,34.1337810401846],[-77.9147461385904,34.1335064643552],[-77.9152101888415,34.1329494126859],[-77.9147331680194,34.1326746273839],[-77.9134663291726,34.1319448520031],[-77.9134407000911,34.1319300881793],[-77.9134362865693,34.1319275445119],[-77.9134962768457,34.131887419811],[-77.9135212674196,34.1318860371707],[-77.9135539065119,34.1318842310111],[-77.9136558118799,34.1318785900388],[-77.9138041433615,34.1318809107617],[-77.9139151707851,34.1318323920014],[-77.9139352413638,34.131710071986],[-77.9140034953178,34.1316444049048],[-77.9140816546162,34.1316211772388],[-77.914124477601,34.1315577299503],[-77.9141071819379,34.1315408288685],[-77.9140658260863,34.1315004156884],[-77.9140208013799,34.1314306069295],[-77.9140516953344,34.1313770146355],[-77.9141697336964,34.1313495258519],[-77.9142518457415,34.1313011251054],[-77.9142954806137,34.1312096382648],[-77.9143103743253,34.1311135816938],[-77.9143571118751,34.1309829281],[-77.9145641251301,34.1307085383846],[-77.9146448178667,34.1306034447384],[-77.9147170803566,34.130509331416],[-77.9148539458215,34.1303954050819],[-77.9149293358143,34.1303894300436],[-77.9150293602558,34.1304412150331],[-77.9151429451798,34.1304613611811],[-77.9152754110016,34.1304405582224],[-77.9154056267188,34.13035131458],[-77.9154891662566,34.130132570364],[-77.915512062567,34.1300222893373],[-77.9154981627558,34.1299226706286],[-77.9155040330751,34.1299098783487],[-77.9155320875089,34.1298487665525],[-77.9156364746373,34.1297998199024],[-77.9157828659758,34.129733571576],[-77.9157954870086,34.1297278606549],[-77.9158187169829,34.1296622947906],[-77.9158255190775,34.1296430994218],[-77.9157795749536,34.1295414047174],[-77.9157657453147,34.1295107909456],[-77.9157776741468,34.1294378517667],[-77.9159337724045,34.1293275363914],[-77.9160068741286,34.1292920749602],[-77.9160189192311,34.1292862145451],[-77.9161645828845,34.1292156003605],[-77.9162626340362,34.1291165744874],[-77.9162714064266,34.1291077309891],[-77.9162871553761,34.1290918243954],[-77.9162886890869,34.1290902742004],[-77.9163668086154,34.1288810569802],[-77.9164725942662,34.1286520070264],[-77.9166619610441,34.1285565593081],[-77.9166798720845,34.1285368030095],[-77.916733166219,34.1284780214372],[-77.916772399278,34.1284347453177],[-77.9167778056805,34.1284287822129],[-77.9167843669435,34.1284002395642],[-77.9168378381396,34.1281689926909],[-77.9168403701334,34.128164393628],[-77.9169378433595,34.128014487115],[-77.9169416101834,34.127973111362],[-77.9169490735841,34.1278911687745],[-77.9169432861954,34.1278610644497],[-77.9169331068585,34.1278081075808],[-77.9169204413048,34.1277422167361],[-77.9170289675544,34.1276596026479],[-77.9170807917987,34.1276556238732],[-77.9172728544224,34.127640877554],[-77.9173572553187,34.12750225534],[-77.9173379415816,34.1274674829437],[-77.9172990421273,34.1273974371405],[-77.917294770847,34.1273829832654],[-77.9172709746764,34.1273024186076],[-77.9173218778623,34.1272518576073],[-77.9174105533368,34.1271637730791],[-77.9174300354393,34.1271164312225],[-77.9174919730094,34.1269659135303],[-77.9174932817955,34.1269634895218],[-77.917585908947,34.1267919203978],[-77.9176317518378,34.1267070091631],[-77.9178305768017,34.1266209598317],[-77.9179551257775,34.1266609259472],[-77.9180979799045,34.1267067662035],[-77.9181005663964,34.1267070159257],[-77.9183061015691,34.1267267393768],[-77.9184091773145,34.1266166102084],[-77.9184284722698,34.1265959926395],[-77.9184557966077,34.1265393865601],[-77.9185207031727,34.126404924101],[-77.9185260004051,34.1263939520501],[-77.9185335384421,34.1263783376969],[-77.9185479467505,34.1263759052485],[-77.9186362435652,34.1263609954987],[-77.9186416797408,34.1263586972176],[-77.9188958104229,34.1262512648285],[-77.9189287358533,34.1262373462408],[-77.919030929828,34.1261752400625],[-77.9190703466358,34.1261641992409],[-77.9191250000637,34.1261488907055],[-77.9193236093175,34.1260932556793],[-77.9193307956673,34.1260912436653],[-77.919428375862,34.1259548254807],[-77.9195065984347,34.1258141725026],[-77.9196521001343,34.1257017227168],[-77.9197648015513,34.1257656923643],[-77.9197842325396,34.125771917336],[-77.9198743135627,34.1258007757493],[-77.920016512875,34.1257116041479],[-77.9201504838647,34.1256275921013],[-77.920244549625,34.1255503724044],[-77.9204537633923,34.1253786324008],[-77.9206222580664,34.125373814976],[-77.9209506370305,34.1253644252167],[-77.9210431235879,34.1253290765167],[-77.9211744885312,34.1252788679899],[-77.9211919122611,34.1252722082606],[-77.9212347884534,34.1251039722135],[-77.921242912411,34.1250720907659],[-77.9212419413996,34.1248721463465],[-77.9212437900593,34.1248550253787],[-77.9212569760432,34.1247329910584],[-77.9214073595811,34.1246934306001],[-77.9215286264954,34.1247208314582],[-77.9215495565949,34.1247255596608],[-77.9217096630018,34.124670355349],[-77.921721008077,34.1246592475811],[-77.9218372389513,34.1245454453565],[-77.9218823314349,34.1245012938047],[-77.9220309329602,34.1244478061999],[-77.9221485870757,34.1245067292954],[-77.9221779606744,34.1245432432861],[-77.922304596981,34.1247006604879],[-77.922463997128,34.1247063321552],[-77.9225462181411,34.1246196280712],[-77.9226008463291,34.1245620189682],[-77.9227579477133,34.1245769433109],[-77.9227910490908,34.1246361691332],[-77.9228263495872,34.1246993291411],[-77.9228402621562,34.1247242236327],[-77.9229190191023,34.1248388561296],[-77.9231152749423,34.1248772642053],[-77.9232210171212,34.1248979575879],[-77.9234592799864,34.1249445835536],[-77.9235964923989,34.1248611838103],[-77.9236341460374,34.1247109128975],[-77.9236652299196,34.1245868725169],[-77.92375397423,34.1245202038587],[-77.9238074254659,34.1244800485174],[-77.9240062133768,34.1244537289429],[-77.9242120452534,34.1244264772601],[-77.9244361506184,34.1243434386917],[-77.9245280699962,34.1241474758537],[-77.9245524365487,34.1240955260333],[-77.9247007037005,34.1240058491947],[-77.9247898548437,34.1240563127735],[-77.9248758284683,34.1241049771027],[-77.9249806816417,34.1242952886599],[-77.9250030334051,34.1243358612976],[-77.9252727316504,34.1244577704146],[-77.9253238996219,34.124452138727],[-77.925343142289,34.1244500212457],[-77.9254457322559,34.1244387276211],[-77.9255023383485,34.1247010477409],[-77.9255175521076,34.124771449129],[-77.9256175851746,34.1252349376827],[-77.925438828974,34.1255527896848],[-77.9251640703578,34.1263622655616],[-77.9248659321421,34.1265608810552],[-77.9250303593103,34.1272024130808],[-77.9253378221755,34.1274229076052],[-77.9254774714207,34.128497818164],[-77.9257700830045,34.1289712448749],[-77.9262750712419,34.1298595381947],[-77.9268270040969,34.1306769286024],[-77.9275051094462,34.1310276680246],[-77.9281288612096,34.1316668166407],[-77.9283361132329,34.1320835851573],[-77.928382903365,34.1327064709742],[-77.9283591068171,34.1328916238254],[-77.9284360853188,34.1329749111066],[-77.9284782447028,34.1330849707374],[-77.9285329722924,34.1332083196197],[-77.9286650280011,34.1333616840726],[-77.9287114661671,34.1334596062428],[-77.9289072176253,34.133636499857],[-77.9290976876137,34.1337938722712],[-77.9292493564258,34.1338571195765],[-77.9294616458494,34.1339896549132],[-77.9296189017996,34.1341184509912],[-77.9298081774639,34.134272052261],[-77.9299337097722,34.1343712139879],[-77.9301261841729,34.1345035344524],[-77.9303054282466,34.1346197162354],[-77.9306754545627,34.1348383315566],[-77.9308438377353,34.1349773072569],[-77.930976703071,34.135074313137],[-77.9311722910961,34.1351940810275],[-77.9313581335524,34.1352962351168],[-77.9316192540761,34.1354491739317],[-77.9317859454311,34.1355249914551],[-77.9319463644683,34.1356124334797],[-77.9320080470242,34.1356557772598],[-77.9321356629731,34.1356961471517],[-77.9322702767435,34.1357696630758],[-77.9324355820248,34.1359003547663],[-77.9324863114671,34.1359775926475],[-77.9326245061148,34.1360562896099],[-77.9326799640345,34.1361001426308],[-77.9327553654261,34.136134497124],[-77.932899054139,34.1362802754924],[-77.9330294095872,34.1364020391191],[-77.9332889114831,34.1365776300347],[-77.9336108353943,34.1366920453627],[-77.9336514457077,34.1368454005229],[-77.933784861715,34.1369333299747],[-77.9339162636189,34.137024365019],[-77.9341208235092,34.1372463797938],[-77.9342979687319,34.137385780404],[-77.9344468490169,34.1374543781672],[-77.9345293244245,34.1376596558935],[-77.934703288275,34.1377262081033],[-77.9349328303096,34.1377657400557],[-77.9351758286955,34.1378587780585],[-77.9353980864826,34.1379304370294],[-77.9353488326588,34.1382279474584],[-77.9354177648609,34.1384053445212],[-77.9354893036956,34.138576945548],[-77.9355074317032,34.1387271489745],[-77.935584740994,34.1388305733811],[-77.9356978987334,34.1389316957457],[-77.9358410561994,34.1390335965752],[-77.9360273659917,34.1390740292776],[-77.93624029701,34.1390756229831],[-77.9364247249503,34.1391890028429],[-77.9365148865153,34.1393332641147],[-77.9366917814777,34.1393904088235],[-77.9366057422145,34.1395619380087],[-77.9363182491316,34.1396950485843],[-77.9362337993094,34.1399354760094],[-77.9365004726248,34.1401270579691],[-77.9363283324179,34.1402087499233],[-77.9360504652533,34.1402430518772],[-77.936051196292,34.1404337096029],[-77.9360762519852,34.1405933963922],[-77.9362887610828,34.1407923383538],[-77.9366546483857,34.1409346565525],[-77.9369716378103,34.1410920090405],[-77.9374491204741,34.141422306781],[-77.9375848351836,34.1415735266559],[-77.9379198622352,34.1418560503385],[-77.9381841540167,34.1420321076718],[-77.9384462949135,34.1421612776161],[-77.9385113952675,34.1421933551919],[-77.9388308824089,34.1423550936252],[-77.9390938024057,34.1425047017736],[-77.9392773817008,34.1425860507379],[-77.9394206134679,34.1426830022227],[-77.9396381700376,34.1427915607137],[-77.9399142742117,34.1428179080644],[-77.9401045125034,34.1429021942962],[-77.9399880361571,34.1430338100948],[-77.9398826873904,34.1431895462162],[-77.9398891285305,34.1433431286739],[-77.9398784483543,34.1434349093779],[-77.9400217199479,34.1435780646559],[-77.9400343872669,34.1436266981662],[-77.9400359394052,34.143696475262],[-77.9401082342285,34.1438432373634],[-77.9401378601488,34.1440157689291],[-77.9401789696448,34.144083680372],[-77.940286182861,34.1441607627355],[-77.940335583814,34.1441880616902],[-77.9403306723716,34.1443311841332],[-77.9403472435931,34.1444731179418],[-77.9403786869708,34.1445693419807],[-77.9404308593043,34.1446664261118],[-77.9403893452046,34.1447859800968],[-77.940358028295,34.144876588751],[-77.940354095299,34.1449623342951],[-77.9403890796819,34.1450791991791],[-77.9403948124138,34.1451433726414],[-77.9404402900438,34.1452052114334],[-77.9404557402725,34.1453061138981],[-77.9405648543581,34.1453900030518],[-77.9407153832076,34.1454192836908],[-77.9409202483229,34.1456424326094],[-77.940977045173,34.1457632762521],[-77.9410563754192,34.1458902363383],[-77.9411203927166,34.1460614653311],[-77.9411977995539,34.1461542248178],[-77.9413651711332,34.1463352482743],[-77.9413251555158,34.1464975312402],[-77.9413700279323,34.1466813088476],[-77.9414327255503,34.1467802780796],[-77.9415278351385,34.1469567805034],[-77.9416546765,34.1471875420437],[-77.9418127309656,34.147428909597],[-77.9419673838657,34.1476328016816],[-77.9421596412332,34.1478343429525],[-77.9423836667202,34.1480527206509],[-77.9426047338389,34.1482830663172],[-77.9426893787427,34.1483843937856],[-77.9427604750212,34.1485020772199],[-77.9428314729568,34.1486313477517],[-77.9427713183953,34.1487840186296],[-77.9427637151439,34.148850208688],[-77.9427138483088,34.1492208367867],[-77.9427633869811,34.1493906367523],[-77.9427603118665,34.149516838074],[-77.9427909655084,34.1498303238919],[-77.9428358945078,34.1500588389539],[-77.9428460565942,34.1502397673799],[-77.9429294868281,34.150421631176],[-77.9429761109932,34.1506367990234],[-77.9430205166762,34.150812100462],[-77.9430181748015,34.1509247649185],[-77.9430526666761,34.1511113114765],[-77.9430242300755,34.1512386865745],[-77.9430945675711,34.1514764731607],[-77.9431815911304,34.1516297907285],[-77.9431669630895,34.1517655287976],[-77.9432594541602,34.1519804354179],[-77.9432710380852,34.1520691293761],[-77.9433116128662,34.1520680343293],[-77.9459159242834,34.1509889927908],[-77.9458540976971,34.1558279949178],[-77.9432455488525,34.156908725331],[-77.9432557525975,34.1570718016554],[-77.9432518087771,34.1570796567798],[-77.9432557098988,34.1570765756812],[-77.9433691511705,34.1571399416057],[-77.9434503113137,34.1571626395006],[-77.9434707804949,34.1571836076608],[-77.9434806193657,34.15722631366],[-77.9433705721085,34.1572829636174],[-77.9433151704758,34.1573490193214],[-77.9432731679131,34.1574309231484],[-77.9432822942696,34.1574639721821],[-77.943285934067,34.1574773197149],[-77.9432760192012,34.1575469196997],[-77.9432862287371,34.1575908235008],[-77.9432780995094,34.1576221782461],[-77.9432200234753,34.1576866993118],[-77.9431791798129,34.1577655626547],[-77.9430775949573,34.1577976318156],[-77.9430119430224,34.1578693257663],[-77.9429443072188,34.1580002206036],[-77.9429493106839,34.1581501664159],[-77.9429451117865,34.1581502446395],[-77.9429137386868,34.1581615071587],[-77.9428976322026,34.158195729289],[-77.9428988699082,34.1582165272976],[-77.9429154886731,34.1584971977479],[-77.9425846536276,34.1589987382131],[-77.9426237954808,34.1595602460743],[-77.9429306264357,34.159982454954],[-77.9434151762959,34.1603674517261],[-77.9439005449291,34.1606971288835],[-77.9434441095709,34.1607816765249],[-77.9434248283173,34.1607852535099],[-77.9422736757496,34.160998541926],[-77.9411389216866,34.1612087382027],[-77.9407175355631,34.1612867798439],[-77.9407248500422,34.1613135916917],[-77.9407619352119,34.161449023067],[-77.9408476974012,34.1617751963092],[-77.9411408049434,34.1628358690463],[-77.9415073108984,34.164162424874],[-77.942418649631,34.1646695954772],[-77.9424194427577,34.1646704156654],[-77.9451315353897,34.1641405186855],[-77.9448114571221,34.163037656819],[-77.944811376654,34.163037249526],[-77.944803733606,34.1630109128321],[-77.9461145714233,34.1627693863641],[-77.946266245326,34.1627414383215],[-77.9462910258796,34.1627643182859],[-77.9462914160261,34.1627646796287],[-77.946323686825,34.1627944753653],[-77.9463689873541,34.1628362986345],[-77.9464228317683,34.1628860151774],[-77.946462539654,34.1629123732163],[-77.9465336576653,34.1629595871492],[-77.9465901148777,34.1629970679077],[-77.946641690915,34.1630313079208],[-77.9466884094604,34.163062320025],[-77.9467589209358,34.1630887603448],[-77.9467974209409,34.163113923933],[-77.9468458138076,34.1631455520502],[-77.9469030616343,34.1631829684126],[-77.946969748473,34.1632265540881],[-77.947012742237,34.16325465379],[-77.9470609523944,34.1632861648148],[-77.9471609747121,34.163323840103],[-77.9472690884858,34.1633613612599],[-77.947356620451,34.1633917385193],[-77.9474506881479,34.1634243820243],[-77.9474946013009,34.1634750562985],[-77.947523011688,34.1635078467636],[-77.9475948875654,34.163590793652],[-77.9476982273416,34.1636655165025],[-77.9477595166625,34.1637098348799],[-77.9478376528391,34.1637494019435],[-77.9479501806049,34.1637286380628],[-77.948043699067,34.1638231271805],[-77.9481568123014,34.163915791068],[-77.9481792209307,34.1639523581338],[-77.9482095397309,34.1639884431403],[-77.948245219159,34.1640209702062],[-77.9483056564332,34.1641415432881],[-77.9483109449407,34.1642699182704],[-77.9483071298292,34.164311167604],[-77.9482979854947,34.1643537664461],[-77.9482812227566,34.1643954814234],[-77.9482519323321,34.1644296449861],[-77.9482239719135,34.1644665851931],[-77.9482250962631,34.1645100876354],[-77.9482477986544,34.1645975629501],[-77.9482449678517,34.1646385883633],[-77.948230536992,34.1646786695991],[-77.9482506108872,34.1647171065616],[-77.9482896463731,34.1647444289944],[-77.9483907580001,34.1647417449339],[-77.9484302772583,34.1647583435886],[-77.948457645204,34.1647927455701],[-77.948491690962,34.1648764847893],[-77.9485337293772,34.1649588970298],[-77.9485311679622,34.1650034740755],[-77.9485595846955,34.1650378825637],[-77.9485809346817,34.1650779876852],[-77.9486126887771,34.1651575777703],[-77.9486211201694,34.165198674401],[-77.9486198618266,34.1652424461524],[-77.948593989928,34.1653240017353],[-77.9485772846673,34.1653643514765],[-77.9485549281665,34.1654032288732],[-77.9485480686985,34.1654447426056],[-77.9485055019494,34.1654584088629],[-77.9484023205011,34.1654699150289],[-77.9484007431283,34.1654894378058],[-77.9484128197935,34.16552975339],[-77.9484626034847,34.1655230391663],[-77.9485128360288,34.1655306340667],[-77.9485284793882,34.1655547276831],[-77.9485595085418,34.1655872128101],[-77.9485852365174,34.1656237792794],[-77.9485989501716,34.1656649224211],[-77.948603458956,34.1657528207757],[-77.9486193276458,34.1658826547128],[-77.9486101800565,34.1659252526599],[-77.9485963791009,34.1659680710761],[-77.9485671327524,34.1660044447229],[-77.9485224327208,34.1660811520772],[-77.9485218893042,34.166123796027],[-77.9485323754099,34.1662093643236],[-77.948551641659,34.1662510485884],[-77.9485660217055,34.1662918207724],[-77.9485737419717,34.166333663915],[-77.9485897413581,34.1663736642351],[-77.948631702481,34.1664539536137],[-77.9486552126568,34.1664918113441],[-77.9486861260926,34.1665280475145],[-77.9487032176903,34.1665453222001],[-77.9487033450131,34.1665462248331],[-77.948706855556,34.1665727115127],[-77.9491089162641,34.1672221025792],[-77.9493344893459,34.167586420438],[-77.9493879878338,34.167672801607],[-77.9496693217407,34.1681271547838],[-77.9496712086778,34.1681317735996],[-77.9497528312731,34.1683316309968],[-77.9497578876296,34.1683439829097],[-77.949767545342,34.1683676234563],[-77.9497681043643,34.1683690356332],[-77.949768472073,34.1683699701291],[-77.9497700614301,34.1683739399421],[-77.9497720590619,34.1683874161868],[-77.9497761441272,34.1684149824943],[-77.9497766951839,34.1684353407841],[-77.9497773554826,34.1684571713027],[-77.9498059718701,34.1684817367399],[-77.9498487363198,34.1685074362746],[-77.9498820888799,34.1685388380389],[-77.9499094327637,34.16857791833],[-77.9499434847988,34.1686616581172],[-77.9499791924332,34.1686947375412],[-77.9500754831258,34.1687277969585],[-77.9501145721199,34.1687537525684],[-77.9501308893845,34.1687810549758],[-77.9501162511664,34.1688163088465],[-77.9501137770926,34.1688221153738],[-77.9501136999362,34.1688222977026],[-77.9500886988687,34.1688600775587],[-77.9500479403987,34.1688856223835],[-77.950017071347,34.1689201881303],[-77.9500167181631,34.1689205834935],[-77.9500477968382,34.1689519643182],[-77.950073479903,34.1689896371344],[-77.9500822010732,34.1690326816892],[-77.9500965879123,34.1690730174243],[-77.9501319731633,34.1691041755503],[-77.9501633313172,34.1691383201341],[-77.9501663960471,34.1691495123062],[-77.9501691477651,34.169159562215],[-77.9501693799167,34.1691604107759],[-77.9502002241506,34.1691829510724],[-77.9502312327266,34.1692198547994],[-77.950311569656,34.1692833593971],[-77.9503315790548,34.1693245576875],[-77.950343265176,34.1693681529641],[-77.9503446824461,34.1693967370535],[-77.9503453659559,34.1694105316933],[-77.9503454091021,34.1694114029336],[-77.9503587563338,34.1694536740629],[-77.9503924404443,34.1695387762844],[-77.9504051531244,34.1695815674139],[-77.9504145522306,34.1696218971401],[-77.9504206021259,34.1696626517935],[-77.9504233833959,34.1697038906812],[-77.9504255575598,34.1697361559876],[-77.9505904549617,34.1699327689912],[-77.9508399020125,34.1701098756891],[-77.9510541728236,34.1702620075279],[-77.9510545909636,34.170262304192],[-77.9511236460147,34.1703113327297],[-77.9511791756287,34.170350756732],[-77.9512361562818,34.1704297905833],[-77.9512454374307,34.1704426627453],[-77.9512462005408,34.1704437224131],[-77.9514614890208,34.1707423275803],[-77.9514642969544,34.1707991790738],[-77.9514643280575,34.1707998040951],[-77.9514645552921,34.1708043695464],[-77.9514916322392,34.1713525186493],[-77.9514939588927,34.1713996205709],[-77.9514940175065,34.1714008119836],[-77.9514995828956,34.1715134588665],[-77.9515135319167,34.1717958260008],[-77.951566019132,34.1717928375941],[-77.9515725099541,34.1718300197672],[-77.951632559964,34.1721717460154],[-77.9516982214655,34.1725453854707],[-77.9518922309613,34.1731137178545],[-77.9520583912235,34.1733715697812],[-77.9521255541593,34.1734758014996],[-77.9521951871498,34.1735838655457],[-77.9525931783315,34.1738510490556],[-77.9526305644295,34.1738761459866],[-77.9524183319734,34.1741832123452],[-77.952274693496,34.1743909870691],[-77.952018947088,34.1747609888023],[-77.9520165899106,34.1750537308779],[-77.9520164370019,34.1750766991879],[-77.9520137040823,34.1754200272923],[-77.9520027259248,34.1754324232307],[-77.9520103459702,34.1754370174927],[-77.9520576845068,34.1757004538281],[-77.9520876671687,34.175811640881],[-77.9521186382818,34.1759984753604],[-77.952198523632,34.1762551491757],[-77.9522382931101,34.1764180643408],[-77.9523809789353,34.1766033707272],[-77.9523913258781,34.1767786516576],[-77.9525359485945,34.1769589371935],[-77.9527043132527,34.1771071340257],[-77.9528765061706,34.1772161222089],[-77.953059552103,34.1772856072051],[-77.95320544968,34.1773556831812],[-77.9539458331147,34.1773154976481],[-77.9540904596801,34.1772416149881],[-77.9542644816377,34.1772732168546],[-77.9545317423915,34.1771704121828],[-77.9546314642892,34.1770852896993],[-77.9547495173858,34.1771139443574],[-77.9547928813081,34.1771582969531],[-77.9550704173181,34.1771459378597],[-77.9553336889671,34.177148354468],[-77.9553719465349,34.1772954166478],[-77.955293688618,34.1773553129373],[-77.9547110538365,34.1774663472935],[-77.9544523775464,34.1778123349914],[-77.9545034737003,34.1782518643093],[-77.9544676011042,34.1787788715947],[-77.9544611391197,34.1788738192141],[-77.9544392735467,34.1789356870883],[-77.9543834872699,34.1790935279252],[-77.9543784809109,34.1790949265193],[-77.9542054098816,34.1791433136405],[-77.9542920078025,34.1790340114778],[-77.9540299354371,34.179149564362],[-77.9539397060904,34.1791893449749],[-77.9539054204895,34.179204462379],[-77.9539765682322,34.179344878684],[-77.9539113326784,34.1793638873238],[-77.9538065802526,34.1793694904761],[-77.9536242012898,34.1794572238324],[-77.9535991438931,34.1796508630855],[-77.9538073228707,34.1797125346081],[-77.9538896026978,34.1797951839291],[-77.9540746016438,34.1797842063296],[-77.9539370530695,34.1798426702375],[-77.9538935095521,34.1799325980002],[-77.9540354468212,34.1799819611433],[-77.954148307408,34.1801177058772],[-77.9540840554198,34.1802677726604],[-77.9540801567035,34.180082717274],[-77.9539314519594,34.1800713081386],[-77.9537286129113,34.1801789292777],[-77.9538492875616,34.1802942414267],[-77.954087256564,34.1803104612186],[-77.9541046893609,34.1803517039611],[-77.9539273382161,34.1804013892778],[-77.954012057702,34.1805112170808],[-77.9538470120988,34.1805534093837],[-77.9537992164719,34.1805293566646],[-77.9537306313234,34.1804516296023],[-77.9537200144288,34.1803865834416],[-77.9535041625414,34.1806677388981],[-77.9534035826269,34.1807846620311],[-77.9534690967608,34.1808938630725],[-77.9534707188268,34.1808965701063],[-77.9545059607238,34.1807630140233],[-77.9545029026601,34.1807820299287],[-77.9545205945737,34.1808206541788],[-77.9545357716624,34.1808623062352],[-77.9545715207245,34.1809541390026],[-77.9545777967624,34.1811210010131],[-77.954583215345,34.181162069116],[-77.9545832539445,34.1811623615443],[-77.9545829577135,34.181168275586],[-77.9545820056359,34.181189136394],[-77.9545818935624,34.1811895915791],[-77.9545798466275,34.1812490861902],[-77.9545832420353,34.1812931602632],[-77.9545977714871,34.1813775411012],[-77.9546008810824,34.1814194319111],[-77.9546016656572,34.181462381484],[-77.9545949189033,34.1815501785566],[-77.9545973105021,34.18159343068],[-77.954627661962,34.1817627562991],[-77.9546403393508,34.1818085685916],[-77.9546547664508,34.1818489032723],[-77.9546784027851,34.1819408049025],[-77.9546885739238,34.1820270660157],[-77.9547082781982,34.1821203287739],[-77.9547226773897,34.1822124434544],[-77.9547415286895,34.1822954665623],[-77.9547485979147,34.1823395727862],[-77.9547547980171,34.1824767626291],[-77.954761543444,34.1825186870607],[-77.9547716324875,34.1825342128715],[-77.9548087305008,34.1826129773228],[-77.9548120042013,34.1826416705049],[-77.9548127447202,34.1828704803163],[-77.9547927727029,34.1830881491875],[-77.9547928730051,34.18313271731],[-77.9547859880217,34.1831792022297],[-77.9547755196087,34.183221267222],[-77.9547562672749,34.1833518976141],[-77.95474202496,34.1835896735192],[-77.9547328464184,34.1836319841924],[-77.9547200841135,34.1837227234907],[-77.9547016737003,34.1837647189802],[-77.9546681388937,34.1837966384074],[-77.9546183083299,34.1838088775948],[-77.9545134093498,34.1837994113292],[-77.9544606095806,34.1838058403479],[-77.9544703227114,34.1838260417542],[-77.9545990210413,34.1838926713088],[-77.9546335074113,34.1839152720808],[-77.9546351901276,34.1839398242184],[-77.9546108908685,34.1839745857956],[-77.954596803441,34.1840151938121],[-77.9545985682065,34.1841878708503],[-77.9546046186254,34.1842319988301],[-77.9546610930957,34.1843525071501],[-77.9546905968379,34.1844813825709],[-77.9547014900528,34.1845657316117],[-77.9547022208223,34.1846103656638],[-77.9546993582999,34.1846540938022],[-77.9546711748811,34.1847356307289],[-77.9546640355513,34.1847774309644],[-77.9546430767702,34.1850426839891],[-77.957024729123,34.1850698473207],[-77.9565512223697,34.1864609727929],[-77.9563861641758,34.1886147579868],[-77.9543897531275,34.1886135466107],[-77.9543857477572,34.1886647365229],[-77.9555413287106,34.1888119574675],[-77.9559973094682,34.1892802109725],[-77.9558085126123,34.191472629003],[-77.9560072440736,34.1914801509932],[-77.9559722360316,34.1918108390003],[-77.9554010492137,34.1962242522278],[-77.9553617611568,34.1966297954396],[-77.9554005306877,34.1969170562879],[-77.9556485506089,34.1987910819835],[-77.9557317628669,34.1994177203039],[-77.9558386579825,34.2002133339583],[-77.9559860478887,34.2013482896687],[-77.9560791864739,34.2018158420362],[-77.9563693636184,34.2045223897918],[-77.9557629691331,34.2072371225176],[-77.9552668688893,34.2092478601304],[-77.9548645469847,34.2108406175958],[-77.9548599814174,34.2108584583654],[-77.9540094321468,34.2107072766498],[-77.9540137117396,34.2107615341047],[-77.9540020125387,34.2107680623522],[-77.9539738034691,34.210771128479],[-77.953948065325,34.2107890750495],[-77.9539067216289,34.2108341532015],[-77.9538690051311,34.2108806297982],[-77.9538543750603,34.2109344539488],[-77.9538542703215,34.2109348406845],[-77.9538611200597,34.2109818634308],[-77.9538987408555,34.2110143670826],[-77.9538987402535,34.2110149278215],[-77.9538962442526,34.2110383814963],[-77.9538958266124,34.2110422201093],[-77.9539129417846,34.2110748741823],[-77.9539567980323,34.2111184868196],[-77.9540238547317,34.2111122160052],[-77.9540917288992,34.2111163549244],[-77.9541047194488,34.2111362668709],[-77.9541033548835,34.2111511975863],[-77.9540997519039,34.211189981805],[-77.9540907692765,34.2112443846111],[-77.9540900359916,34.2113022033575],[-77.9541089061355,34.2113318499748],[-77.954109934202,34.2113781059441],[-77.9541099527058,34.211378957139],[-77.9540691883762,34.211389032678],[-77.9540650396702,34.2114103524214],[-77.9540587411459,34.2114437472097],[-77.9540315632382,34.2114950283491],[-77.9540234377441,34.2115330941352],[-77.9540201208821,34.2115490589303],[-77.9540045586354,34.2116030552483],[-77.9540464820541,34.2117526297859],[-77.9540436176483,34.2117927258702],[-77.9540425166426,34.211809547574],[-77.9539519292819,34.2118442806812],[-77.9538849520158,34.2118439854991],[-77.9537521960505,34.2118318038811],[-77.9536889673011,34.2118532878308],[-77.9535686226126,34.2118282481555],[-77.9535586302137,34.2118295561944],[-77.9535475470287,34.2118454187042],[-77.9535420850689,34.2118814523274],[-77.9535344739663,34.2119076081265],[-77.9535133335474,34.2119081649262],[-77.9535129438492,34.2119081750359],[-77.9536710809821,34.2123985965439],[-77.9536699982102,34.2124161982195],[-77.9536640165234,34.21251226841],[-77.9536243472605,34.2127098394267],[-77.9535589294773,34.2130356503907],[-77.9535122914044,34.213263784034],[-77.9531767159124,34.2141424700492],[-77.9531764041927,34.214142406015],[-77.9530913280916,34.2143652525567],[-77.9530232916316,34.2145291691394],[-77.9529130006582,34.2146815645418],[-77.9528852118829,34.2147199637186],[-77.9538252637974,34.2148737119254],[-77.9538784266477,34.2148824073302],[-77.9535061549354,34.2164295278967],[-77.9533171009612,34.2172151972581],[-77.9525199391119,34.2196525115294],[-77.9524587063627,34.2198397260685],[-77.9521428570451,34.2209564041168],[-77.9521091568068,34.2210502885393],[-77.9520754565032,34.2211441720521],[-77.9517994177832,34.2222602177408],[-77.951791386664,34.2223519941189],[-77.9517833555383,34.2224437695964],[-77.9517616466198,34.2226918486828],[-77.9517521775256,34.2227920669034],[-77.9515421703242,34.2250148033538],[-77.951186610995,34.2250439947764],[-77.9511874292981,34.2250449359328],[-77.9512079008989,34.2250684721775],[-77.9512147984161,34.2251113711419],[-77.9512018557152,34.2252835750086],[-77.9511946811222,34.2253274773761],[-77.9511754052822,34.2254124910398],[-77.9511748670776,34.2254548027698],[-77.9511678136907,34.2254890887839],[-77.9511395379335,34.2254859007645],[-77.9510278486122,34.2254812927401],[-77.950998929308,34.2255023291958],[-77.9510276077781,34.2257739925893],[-77.9512313208033,34.2257591564806],[-77.9511688721843,34.2261685035177],[-77.9511567751501,34.2262289840172],[-77.9511319216151,34.2263532351846],[-77.9511320816162,34.2263533700139],[-77.9511319714337,34.2263539261864],[-77.9510131499434,34.2263626494483],[-77.9509384302313,34.2263681347223],[-77.9508638549929,34.2263736094982],[-77.9507721256485,34.2267029571529],[-77.9507283849483,34.2268589571512],[-77.9506339469186,34.2272469500963],[-77.9506056860088,34.2273552026318],[-77.9506068587022,34.2273951583983],[-77.9505937059825,34.2274385079105],[-77.9505853843436,34.227467944307],[-77.9505828957743,34.2275067329104],[-77.9505697413394,34.2275752005692],[-77.9505610897524,34.2276059142265],[-77.9505474737437,34.2276333856946],[-77.9505456513613,34.2276471196819],[-77.9505320020172,34.2276772945157],[-77.9505314999348,34.2277166559004],[-77.9505183887202,34.2277842801126],[-77.9505113498928,34.2278120130791],[-77.9504937784461,34.2278396805963],[-77.9504780852815,34.2279012365349],[-77.9504744107894,34.2279287348996],[-77.9504606178286,34.2279726593585],[-77.9504392839848,34.2280071850502],[-77.9503928011675,34.2281144346002],[-77.9503569226082,34.2281722080641],[-77.9503392818021,34.2282078714394],[-77.9504643838859,34.2281965832571],[-77.9503273994797,34.2285637928868],[-77.9501783925752,34.2285778937444],[-77.9501569078741,34.228623989985],[-77.9501206412062,34.2286903063921],[-77.9500950238256,34.2287476154929],[-77.9500775035551,34.2287684246359],[-77.9500428676333,34.2288082686706],[-77.9500262980394,34.2288315563252],[-77.949997821942,34.2288577351232],[-77.9499540269609,34.2289104931826],[-77.9499271927889,34.228934216224],[-77.9498884636057,34.2289575399447],[-77.9498616994329,34.2289757643105],[-77.9497549191226,34.2290022439398],[-77.949661206383,34.2294070452172],[-77.9496496875106,34.2294568638934],[-77.9496279776863,34.2295506656509],[-77.9496800063999,34.2297007348002],[-77.94969968967,34.2297656793504],[-77.9496655148695,34.2298516689794],[-77.94962272445,34.2300233463633],[-77.9495846108218,34.2300671444363],[-77.9495409396614,34.2301127534875],[-77.9495500859768,34.2302766023644],[-77.949543213349,34.230293377861],[-77.9497071114884,34.2302799008607],[-77.9497493201101,34.2302764249973],[-77.9496287117041,34.2306509062278],[-77.949568404535,34.2308380917898],[-77.9495661420404,34.2308451181923],[-77.9495659032801,34.2308653922025],[-77.9495658962459,34.2308661999035],[-77.9495640866706,34.231020673146],[-77.9495638176995,34.2310435739235],[-77.9495616027939,34.2312031101557],[-77.9495604987315,34.2312824415161],[-77.9495402410275,34.2312985999279],[-77.9495360918622,34.2313713261255],[-77.949535044169,34.2313896637721],[-77.9495318321189,34.2315721692175],[-77.9495342330018,34.231936452631],[-77.9494785306786,34.2319410376918],[-77.9494340939153,34.2319438321657],[-77.9494618656078,34.2326725802325],[-77.9495533884243,34.2328465732159],[-77.9495856090588,34.2331172659043],[-77.9495460831513,34.233120493945],[-77.9494909265031,34.2331250396409],[-77.9494914818673,34.2331310324268],[-77.9495046512413,34.2331633333916],[-77.9495261767434,34.2331910838971],[-77.9495390555185,34.2332214891093],[-77.9495604390098,34.2333122709275],[-77.9495722877848,34.233344035593],[-77.949574603821,34.2333710646256],[-77.9495775003828,34.2334046681463],[-77.9495837279058,34.233437779863],[-77.9495878302136,34.2335058167699],[-77.9495874935448,34.233532241909],[-77.9495870306033,34.2335685781657],[-77.9495793725846,34.233595519539],[-77.9495539524881,34.2336153856253],[-77.9495436239462,34.2336431194022],[-77.9495425801225,34.2336728225689],[-77.9495465240724,34.2337037045892],[-77.9495567557959,34.2337305120035],[-77.9495779644591,34.2337609931286],[-77.9495868618204,34.2337908116142],[-77.9495894115186,34.2338241236011],[-77.9495992278209,34.2338586624144],[-77.9496101702146,34.2340096290887],[-77.9497217538591,34.2341991313399],[-77.9498298776528,34.2347041833746],[-77.9499231451239,34.2350971565755],[-77.9499485727387,34.2351663860371],[-77.9499716942712,34.2352279927029],[-77.9499931731566,34.2352840892582],[-77.950026230336,34.2353683401701],[-77.9500530914717,34.2354470734228],[-77.9500870872304,34.2355374133267],[-77.9503238616108,34.2362353270236],[-77.951010315669,34.2374234964832],[-77.9510200464566,34.2374400959591],[-77.9523576522636,34.2397260723044],[-77.9515644627376,34.2397952581603],[-77.9515816804215,34.2398287844294],[-77.9515928841074,34.2398615601675],[-77.9515973654349,34.2398973024489],[-77.9515961463445,34.2399299989728],[-77.9515891330304,34.239971976328],[-77.9515845155006,34.2399994394585],[-77.9515970500788,34.2400542366282],[-77.9516066630161,34.2400801369291],[-77.9516189451181,34.2402843681696],[-77.9516259904945,34.2403138790828],[-77.9516396724395,34.2403445273263],[-77.9516616542733,34.2403721931062],[-77.951694092191,34.2404227167223],[-77.9516953380236,34.2404543305033],[-77.9517086141415,34.2405800704287],[-77.9517156612857,34.2406152519266],[-77.9517141661709,34.240666670647],[-77.9516437159489,34.240676169643],[-77.9516320785596,34.2406826955634],[-77.9516299865056,34.2407150661973],[-77.9516059369114,34.2408528079693],[-77.9515981101027,34.2408818386493],[-77.951599422557,34.2408943831212],[-77.951603677148,34.2408939264046],[-77.9516039677854,34.2408966803992],[-77.9514539966494,34.2409088985409],[-77.9514546486269,34.2409143945299],[-77.9515023889155,34.2409105040399],[-77.9515793347059,34.2409580626376],[-77.9515827101063,34.2409881571049],[-77.9519995990699,34.2409558981931],[-77.9520439064355,34.2409524705201],[-77.9521339862395,34.2409477808034],[-77.9523118706633,34.2409339493419],[-77.9523119921349,34.240935068294],[-77.952340862577,34.2411911074899],[-77.9523468009138,34.2411906456712],[-77.9523672161578,34.2411890603278],[-77.952367340944,34.2411901748012],[-77.9523945574403,34.2414315939355],[-77.9523958120866,34.2414427179945],[-77.9525418563037,34.241434192946],[-77.952546580842,34.2414339161108],[-77.953008128315,34.2414069817397],[-77.9530842467145,34.2418135939187],[-77.9530999752568,34.24217423774],[-77.9530745238566,34.2429695080629],[-77.9530741079895,34.2429908001783],[-77.9530497184208,34.2431369865553],[-77.9530493535558,34.2431391325885],[-77.9530068091784,34.2433950455931],[-77.9529875732301,34.2435107515638],[-77.9529847147141,34.2435279483057],[-77.952798414676,34.2446485566094],[-77.9527817652183,34.2447486997116],[-77.9527761221578,34.2447826403751],[-77.9527572639856,34.2448960742039],[-77.9526897508368,34.245095548574],[-77.9523898300899,34.2459816900811],[-77.9523716023694,34.2460355432593],[-77.9522802726763,34.2463053808116],[-77.9522784554935,34.2463110940611],[-77.9522204699918,34.246492251655],[-77.9519956293679,34.2471948784035],[-77.951297227303,34.2493798248981],[-77.9510913237869,34.250023877744],[-77.9508698964013,34.2503909605929],[-77.9502281395089,34.2512210650489],[-77.9499485716693,34.2514353215265],[-77.9497192181608,34.2517342740476],[-77.9489904028127,34.2513916318597],[-77.9489046657093,34.2515392976857],[-77.9488721111705,34.2515778247427],[-77.9487978553187,34.2517004984404],[-77.948756752789,34.2517715710359],[-77.9486490497615,34.2519175902718],[-77.9485338966387,34.2520738041312],[-77.9483810874508,34.2522809725245],[-77.9481523050878,34.2524960782356],[-77.9480354051324,34.2529290558392],[-77.9480485868554,34.2531306507188],[-77.9479439800005,34.253223201086],[-77.9477922018031,34.2534177015348],[-77.9478889108823,34.2538178755632],[-77.9478874217884,34.2541647058224],[-77.9478837694137,34.254319345468],[-77.947884488358,34.2545015245825],[-77.9478459087807,34.2547781089313],[-77.9478443695738,34.2547890543127],[-77.9478302216843,34.2548906857333],[-77.9478264054469,34.2549179827537],[-77.9478141489616,34.2550059961688],[-77.9478103689296,34.255033262856],[-77.9478003902337,34.2551046929471],[-77.9477923573505,34.2551358771898],[-77.9477888976277,34.2551491929039],[-77.9477861719322,34.2551597807555],[-77.9476620117623,34.2556124620251],[-77.9476733008265,34.255740136104],[-77.9475916968026,34.2560627125104],[-77.9475599651373,34.2565420369438],[-77.9475642662386,34.256584600617],[-77.9475685673443,34.2566271642904],[-77.947569310541,34.2566345191587],[-77.947602131267,34.2566318123162],[-77.9476059474571,34.2569699302065],[-77.9476013669306,34.2570153204083],[-77.9475740188152,34.2572863456839],[-77.9476223988607,34.2576069308819],[-77.9476227803528,34.2576094512966],[-77.9476216738209,34.2576393108681],[-77.9476216420336,34.2576402698105],[-77.9476216132614,34.2576412477113],[-77.9476124640006,34.2578901177782],[-77.9476121196782,34.2578994824893],[-77.9476064186682,34.2580546486987],[-77.947622959938,34.2581833336877],[-77.9476165677578,34.2583024932355],[-77.9475749171736,34.2584869824229],[-77.9475666629703,34.2588410746409],[-77.9475379934368,34.2593878846116],[-77.9475369529125,34.2594110401312],[-77.9475559304227,34.2594583821818],[-77.9476219809823,34.2596231520098],[-77.9476222170573,34.2601605512447],[-77.9475784638085,34.2602956932415],[-77.9475944865337,34.2603928257426],[-77.9475125437821,34.260524125518],[-77.947438238414,34.260600318252],[-77.9474495994971,34.2606319995937],[-77.9474463932083,34.2607255199064],[-77.9473690155992,34.260881310044],[-77.947399463504,34.2609592769497],[-77.9474293316375,34.2611499834615],[-77.9473118635699,34.2612592697461],[-77.9472487608224,34.261236503245],[-77.9472189338058,34.2613612054978],[-77.9472347067425,34.2614480395456],[-77.9471850981982,34.2615201403168],[-77.9472413937958,34.2615716722739],[-77.9471938802699,34.2617596726337],[-77.9471701450857,34.2617829140951],[-77.947102079539,34.2619350051006],[-77.9469506730814,34.2620663653209],[-77.9469016183831,34.2621089233761],[-77.9469823683709,34.2622249189482],[-77.9469830173416,34.262251886578],[-77.9469889900487,34.262500074981],[-77.9469542410733,34.2626801992857],[-77.9470253172839,34.2628325483775],[-77.9470067746419,34.2628422387401],[-77.9470094317946,34.2628902458246],[-77.9470337172794,34.2629001105381],[-77.9471363349234,34.262931932961],[-77.9471812480194,34.2630307822358],[-77.9471861130618,34.2631516979792],[-77.9471735417296,34.2632334385628],[-77.947154884832,34.263354746693],[-77.9471403739206,34.2634490843384],[-77.9471224948092,34.263630706855],[-77.9471735696084,34.2637407523517],[-77.9472371444766,34.2638998643271],[-77.9471986784406,34.26430458098],[-77.9471576594584,34.2643299231717],[-77.9471770921532,34.2644737965443],[-77.9472054630659,34.2647133418737],[-77.9471972153152,34.2649369566535],[-77.9472458565751,34.2650147818172],[-77.9472092863231,34.2650395032865],[-77.9472038261733,34.2650875678215],[-77.947248124279,34.2651680998871],[-77.9472035045634,34.2652554651037],[-77.947194422185,34.2652732524643],[-77.9471979761827,34.2652729132318],[-77.9472074501231,34.2652888211311],[-77.9472349149983,34.2653348703793],[-77.9472277361708,34.2654499004283],[-77.9472014488309,34.2655078561263],[-77.9471978662194,34.266074514558]],[[-77.8872439327403,34.2526214129316],[-77.8872482848799,34.2526185487131],[-77.8872573201811,34.2524790029604],[-77.8872618469997,34.2524090728532],[-77.8872618525588,34.252408982752],[-77.8872663849289,34.2523389625441],[-77.8872885149957,34.2519971217892],[-77.8873162779882,34.252029310588],[-77.8875342000318,34.2520767443058],[-77.8875013913035,34.25200332131],[-77.8874943332098,34.2519370400632],[-77.8874902804204,34.2518453311892],[-77.8875069536789,34.2518113571411],[-77.8875159441067,34.2517729157345],[-77.8875714998055,34.2516384025004],[-77.8875759837033,34.2515955223936],[-77.8876179035371,34.2515102067476],[-77.8876305934372,34.2514820961306],[-77.8876400957965,34.2514302501276],[-77.8876401367474,34.2513977701952],[-77.887655401223,34.2513357553633],[-77.8876505907863,34.2512655851125],[-77.8876429972182,34.2512446115856],[-77.8876101807164,34.2511261670616],[-77.887596845124,34.2511040600674],[-77.8875661114116,34.2510078738483],[-77.8875401863614,34.2509402351341],[-77.8875392593734,34.2509378086049],[-77.8875230189999,34.2508711038445],[-77.8875090695172,34.2507866142893],[-77.8874952011619,34.250755159774],[-77.8874910499861,34.2507317192342],[-77.8874864660149,34.2507058369303],[-77.8874943140227,34.2506883238283],[-77.887471974546,34.2506725293792],[-77.8874738597108,34.2506638092982],[-77.8874765086365,34.250651429804],[-77.8874704575444,34.250635872588],[-77.8874723528213,34.2506339645592],[-77.8874863965394,34.2506200061524],[-77.8874979744806,34.2505339880699],[-77.8875013743466,34.2504822169158],[-77.8874848562187,34.2504423751514],[-77.8874782960665,34.2504265688839],[-77.8874896520022,34.2503415539442],[-77.8875216256268,34.2502836604705],[-77.8875336950338,34.2502705437452],[-77.887558658768,34.2502433578388],[-77.8875745852402,34.2502222984662],[-77.8875993191807,34.2501456876597],[-77.8876002858511,34.2501426792357],[-77.8867547710008,34.2499645913111],[-77.8867422392052,34.2499619386027],[-77.8865762199088,34.2499269672698],[-77.8865757663777,34.2499284740093],[-77.8865753982302,34.2499296876453],[-77.8865720358803,34.2499289684605],[-77.8862695038161,34.2498641655526],[-77.8854600327554,34.2496913950995],[-77.8854246704909,34.2496836214612],[-77.8853128729924,34.2494901123415],[-77.8848751377907,34.2495644961916],[-77.8851251139322,34.2503047993905],[-77.8852788208983,34.250760040405],[-77.8851469639938,34.2508714434135],[-77.8851880145684,34.251025479401],[-77.8860172369671,34.253118563841],[-77.8862426833616,34.2536859968667],[-77.8862487647791,34.2536530268686],[-77.8862943027264,34.2535245404176],[-77.886354737895,34.2534673045255],[-77.8864752614749,34.253360479808],[-77.8865243624374,34.2533334035256],[-77.8865840356266,34.2532860177546],[-77.8866432782789,34.2532210679423],[-77.8866886261953,34.253176601286],[-77.8867517097594,34.2531254084797],[-77.8868633454625,34.253033646322],[-77.8868921156699,34.2530135333216],[-77.8869786147651,34.2529449389213],[-77.8870490950763,34.2528593944155],[-77.8871206321746,34.2527680998335],[-77.8872434696127,34.2526323964675],[-77.8872439327403,34.2526214129316]],[[-77.8791725814142,34.2532167135676],[-77.8791381019585,34.2533201600971],[-77.8791951367978,34.253339607158],[-77.8793453595891,34.2531247139026],[-77.879434645718,34.2530516415695],[-77.8796157996979,34.2529033905887],[-77.8795722575457,34.2527694513731],[-77.8796752927011,34.2524228462854],[-77.8799383648045,34.2521189487664],[-77.8802358725555,34.2519741210745],[-77.8804955959206,34.2517413055423],[-77.8807250054107,34.2512972592394],[-77.8810073368219,34.2511168141702],[-77.8808201761395,34.2502595972307],[-77.8799614092801,34.2504068751711],[-77.8799523773854,34.2503916304114],[-77.8798610921319,34.2504283878248],[-77.8797717696686,34.2504643476778],[-77.8788841055608,34.2489441252608],[-77.878881508739,34.2489397311886],[-77.8788800265411,34.2489372777465],[-77.8788785236572,34.248934828618],[-77.8788770054536,34.2489323883611],[-77.8788754697716,34.248929956054],[-77.8788739177457,34.2489275281013],[-77.8788723493147,34.24892510901],[-77.8788707601365,34.2489226987394],[-77.8788691589196,34.2489202955681],[-77.8788675370046,34.2489178976119],[-77.8788658986477,34.2489155112213],[-77.8788642428245,34.2489131318791],[-77.8788625738528,34.248910761429],[-77.8788608852685,34.248908396204],[-77.8788591802544,34.2489060416432],[-77.8788574588352,34.2489036959439],[-77.8788557199498,34.248901357293],[-77.8788539646224,34.2488990302077],[-77.8788521929513,34.2488967074768],[-77.8788504048382,34.2488943963115],[-77.8788486025032,34.2488920931267],[-77.8788467805065,34.2488897987726],[-77.8788449453857,34.2488875115077],[-77.8788430970796,34.248885235839],[-77.8788412247942,34.2488829671576],[-77.8788393393234,34.2488807100724],[-77.8788374374598,34.2488784609472],[-77.8788355224597,34.2488762198125],[-77.8788335910178,34.2488739902435],[-77.8788316420729,34.2488717704271],[-77.8788296767229,34.2488695594722],[-77.8788276982365,34.2488673565077],[-77.8788257033204,34.2488651642075],[-77.8788236876327,34.2488629825308],[-77.8788216653216,34.2488608089058],[-77.8788196233121,34.2488586468158],[-77.8788175681295,34.2488564954206],[-77.8788154954439,34.248854353778],[-77.8788134074265,34.2488522219085],[-77.8788113051626,34.2488500998221],[-77.8788091897624,34.2488479857262],[-77.8788070600545,34.2488458859206],[-77.8788049117828,34.2488437940546],[-77.8788027492155,34.2488417155774],[-77.878800573512,34.2488396450908],[-77.8787983813788,34.2488375852683],[-77.8787961760602,34.2488355370421],[-77.8787939564829,34.2488334995004],[-77.8787917204392,34.2488314753273],[-77.8787894712591,34.2488294591446],[-77.878787208906,34.2488274536567],[-77.8787849290253,34.2488254597243],[-77.8787826402891,34.2488234783301],[-77.8787803373188,34.2488215058178],[-77.878778017882,34.2488195466738],[-77.8787756852598,34.2488175991261],[-77.8787733383912,34.2488156613615],[-77.8787709761662,34.2488137351728],[-77.8787686029023,34.2488118224034],[-77.8787662165021,34.2488099176245],[-77.8787638135864,34.2488080298197],[-77.8787613997176,34.2488061491244],[-77.8787589737122,34.2488042827396],[-77.8787565334481,34.2488024270395],[-77.8787540767176,34.2488005847078],[-77.8787516100704,34.2487987531014],[-77.8787491335312,34.2487969304175],[-77.8787466393665,34.2487951265003],[-77.8787441320653,34.2487933305736],[-77.8787416158964,34.2487915480867],[-77.8787390843342,34.2487897798798],[-77.8787365406966,34.2487880214764],[-77.8787339871302,34.2487862746997],[-77.8787314192684,34.2487845413119],[-77.8787288381844,34.2487828222244],[-77.8787262439027,34.2487811156346],[-77.8787236396921,34.2487794206713],[-77.878721025565,34.2487777364334],[-77.8787183981911,34.2487760682988],[-77.8787157565096,34.2487744144543],[-77.8787131049481,34.2487727686309],[-77.8787104433966,34.2487711389413],[-77.8787077686719,34.2487695199464],[-77.8787050807373,34.2487679143505],[-77.8787023860935,34.2487663231161],[-77.8786996771543,34.2487647452705],[-77.8786969550051,34.2487631808238],[-77.8786942261592,34.2487616298373],[-77.8786914841278,34.2487600904469],[-77.8786887321184,34.2487585662888],[-77.8786859669237,34.2487570537269],[-77.8786831938975,34.2487555582205],[-77.8786804077105,34.2487540725075],[-77.878677615863,34.2487526038704],[-77.8786748097569,34.2487511459178],[-77.8786719926118,34.2487497013845],[-77.8786691665498,34.2487482738967],[-77.8786663305712,34.2487468571341],[-77.8786634835292,34.2487454555936],[-77.8786606297657,34.248744069316],[-77.8786577638901,34.2487426955462],[-77.8786548902197,34.2487413361278],[-77.8786519989975,34.2487399900674],[-77.8786491087137,34.2487386548343],[-77.8786462051463,34.2487373384086],[-77.8786432905278,34.2487360363036],[-77.878640370298,34.2487347476688],[-77.8786374390291,34.2487334724534],[-77.8786344977578,34.2487322142732],[-77.8786315530952,34.2487309659779],[-77.8786285919171,34.2487297346567],[-77.8786256272863,34.2487285177276],[-77.8786226483355,34.24872731599],[-77.8786196702742,34.2487261286852],[-77.8786166746608,34.2487249547386],[-77.8786136788636,34.2487237943131],[-77.8786106676364,34.2487226508719],[-77.8786076475167,34.2487215226733],[-77.8786046250667,34.2487204061726],[-77.8786015926142,34.248719306707],[-77.8785985534402,34.2487182225043],[-77.8785955032151,34.2487171526224],[-77.8785924506351,34.2487160962412],[-77.8785893869793,34.2487150559837],[-77.8785863176631,34.248714032802],[-77.8785832405644,34.2487130230701],[-77.8785801600254,34.248712026829],[-77.8785770662396,34.2487110466909],[-77.8785739657446,34.2487100809144],[-77.8785708639435,34.248709131353],[-77.878567749981,34.2487081979051],[-77.8785646325783,34.2487072779477],[-77.8785615073808,34.2487063723416],[-77.8785583797916,34.2487054829405],[-77.8785552411266,34.248704609663],[-77.8785520957525,34.2487037507469],[-77.8785489469379,34.2487029053215],[-77.8785457913161,34.2487020814688],[-77.8785426322906,34.2487012684025],[-77.8785394665192,34.2487004724019],[-77.8785362940262,34.2486996916641],[-77.8785331148118,34.2486989261892],[-77.8785299321324,34.2486981760078],[-77.878526744915,34.2486974402081],[-77.8785235520124,34.2486967232872],[-77.8785203513274,34.2486960198162],[-77.8785171482875,34.2486953298459],[-77.8785139406357,34.2486946596659],[-77.8785107262871,34.248694002946],[-77.8785075084612,34.2486933624209],[-77.8785042871826,34.2486927362878],[-77.8785010602558,34.2486921263293],[-77.8784978287294,34.2486915352595],[-77.8784945938363,34.2486909522719],[-77.8784913542577,34.2486903944831],[-77.878488112361,34.2486898474908],[-77.878484866987,34.2486893166933],[-77.8784816148671,34.2486888029616],[-77.8784783625264,34.2486883054552],[-77.8784751056229,34.2486878241335],[-77.8784718398515,34.2486873562514],[-77.8784685792747,34.2486869055471],[-77.8784653130495,34.2486864710172],[-77.8784620422616,34.248686052672],[-77.8784587690698,34.2486856514332],[-77.8784554946207,34.2486852628039],[-77.8784522145111,34.2486848912505],[-77.878448933083,34.2486845368138],[-77.8784456514464,34.248684197701],[-77.8784423630638,34.2486838756539],[-77.878439075546,34.2486835698424],[-77.8784357867464,34.2486832784432],[-77.8784324944328,34.2486830059431],[-77.8784291986786,34.2486827469336],[-77.8784259027038,34.2486825041495],[-77.8784226075937,34.2486822776009],[-77.8784193079086,34.2486820681385],[-77.8784160047831,34.2486818721666],[-77.8784127046441,34.2486816960563],[-77.8784094010648,34.2486815334365],[-77.8784060972278,34.2486813897464],[-77.8784027932069,34.2486812595775],[-77.8783994857088,34.2486811456033],[-77.8783961779775,34.248681048756],[-77.8783928700256,34.2486809681341],[-77.8783895650972,34.2486809046695],[-77.8783862567036,34.2486808564983],[-77.8783829480771,34.2486808254539],[-77.8783796392911,34.2486808061279],[-77.8783763302598,34.24868080483],[-77.8783730209955,34.2486808206589],[-77.8783697115104,34.2486808527132],[-77.8783664018045,34.248680900993],[-77.878363095122,34.24868096643],[-77.8783597882188,34.2486810480924],[-77.8783564778751,34.2486811432455],[-77.8783531737746,34.2486812582907],[-77.8783498694901,34.248681386857],[-77.8783465649848,34.2486815316486],[-77.878343263552,34.248681689992],[-77.8783399596416,34.2486818708504],[-77.8783366609869,34.2486820643793],[-77.8783333621238,34.2486822732323],[-77.8783300630152,34.2486825001134],[-77.878326766967,34.2486827414476],[-77.8783234750399,34.248682999048],[-77.8783201818066,34.2486832728637],[-77.8783168915598,34.2486835665408],[-77.8783136022515,34.2486838710451],[-77.8783103148564,34.2486841944993],[-77.8783070305339,34.2486845315053],[-77.8783037503204,34.2486848856788],[-77.878300472057,34.2486852560981],[-77.8782971979149,34.2486856427835],[-77.8782939235396,34.2486860465956],[-77.8782906544079,34.2486864639799],[-77.8782873861408,34.2486868975997],[-77.8782841209095,34.2486873474755],[-77.8782808608725,34.248687814529],[-77.8782776017003,34.2486882978181],[-77.8782743488571,34.2486887946894],[-77.8782710990372,34.2486893087181],[-77.8782678490089,34.2486898380707],[-77.8782646085169,34.2486903846419],[-77.8782613710852,34.2486909456661],[-77.8782581366647,34.2486915247491],[-77.8782549096464,34.2486921183261],[-77.8778427614278,34.2487688387439],[-77.877846283667,34.2487733551192],[-77.8778475971201,34.2487733683505],[-77.8779093299994,34.2488402229487],[-77.8779487308552,34.2489030336888],[-77.8779671336698,34.24893238626],[-77.8779684548739,34.2489344622644],[-77.8779330513997,34.2491775909501],[-77.8778946427626,34.2494057954381],[-77.8777857210779,34.249451730973],[-77.8778330229123,34.2497929111868],[-77.8778643731722,34.2498298626117],[-77.877872245335,34.249890870056],[-77.8778405083565,34.2499314493348],[-77.8779081389965,34.2499621267869],[-77.8778525848631,34.2500609134032],[-77.8777518692955,34.2500968468395],[-77.8777421519167,34.2501003256735],[-77.8777303181972,34.2501045500377],[-77.8777233448688,34.2501070295915],[-77.8777151002786,34.2501047209009],[-77.8777239442513,34.2501215354367],[-77.8777840131689,34.2502354001209],[-77.8777479920253,34.2503638519179],[-77.8777844779213,34.2503840389337],[-77.8777184796298,34.2505311973439],[-77.8777242150034,34.2505635088568],[-77.8777247622972,34.2505665305165],[-77.8777248089794,34.2505667698603],[-77.8777365561607,34.2506328595664],[-77.8777036511868,34.2506884698902],[-77.8777944731836,34.2507686896759],[-77.8778010003051,34.2507894996777],[-77.8778094082916,34.2508164153723],[-77.8778342514215,34.2508959508269],[-77.877853613981,34.2509167992751],[-77.8779369743928,34.2510009363791],[-77.8779489403729,34.2510507302481],[-77.8779600311073,34.2510582674683],[-77.8780386484824,34.2511116926124],[-77.8781035006697,34.251234034952],[-77.878133704667,34.2512753272385],[-77.8782090142499,34.2513782161634],[-77.8781526936481,34.2515239429637],[-77.8782402101596,34.251576548153],[-77.8781918128712,34.2517343964817],[-77.8782265330765,34.2518318865749],[-77.8782732850381,34.2519489175461],[-77.8782739888103,34.2519508939946],[-77.8783410267194,34.2520245452091],[-77.8783377327752,34.2520312442296],[-77.878316690814,34.2520741823365],[-77.8783101394518,34.2520875284302],[-77.8783676917983,34.252156872363],[-77.8783676711618,34.252162777196],[-77.8783672678624,34.2522717234075],[-77.878432457434,34.2523525370197],[-77.878420962414,34.2524342196529],[-77.8784170420925,34.2524620573029],[-77.8784750886832,34.2524674133614],[-77.8785645122796,34.252548072907],[-77.8786307313345,34.2525671294877],[-77.8786858815892,34.2525830043816],[-77.8788016625708,34.2526889987735],[-77.878954400812,34.2527414479215],[-77.8789819570207,34.2528014751173],[-77.8791725814142,34.2532167135676]],[[-77.8773372569072,34.2499988997563],[-77.8772620790721,34.2497313181042],[-77.8771869006887,34.2494637327988],[-77.8764135375452,34.2496135570717],[-77.8764887125185,34.2498811392531],[-77.8765638890162,34.2501487250131],[-77.8768515811163,34.2500929920591],[-77.8771173323113,34.2500415067841],[-77.8773372569072,34.2499988997563]],[[-77.8788117218137,34.2484387336533],[-77.8786710594304,34.2482009843348],[-77.8786622746898,34.2481861213405],[-77.8786486578235,34.2481878543639],[-77.8783352403203,34.2482278988394],[-77.87807659261,34.2482609576206],[-77.8780402520463,34.2482668479189],[-77.8777954590207,34.2484483153374],[-77.877711670278,34.2484991025636],[-77.8777153300379,34.2485077104772],[-77.8777034602404,34.2485165151728],[-77.8777349001309,34.2485867141098],[-77.8778359153209,34.2485957049813],[-77.8778489521889,34.2485968686312],[-77.8778529867578,34.2485979621971],[-77.8778556511697,34.2485974661242],[-77.8778709456081,34.2485988312703],[-77.8778731436101,34.2485990222926],[-77.8782166316799,34.2485376109543],[-77.878283725851,34.2485274582633],[-77.8783516461795,34.2485223321061],[-77.8784198449696,34.2485222724189],[-77.8784877772123,34.2485272813],[-77.8785542580625,34.2485371501991],[-77.8786194233055,34.2485518740816],[-77.8786827610284,34.248571336358],[-77.8787437717477,34.2485953844949],[-77.8787500701448,34.2485982157785],[-77.8787563386328,34.2486010909562],[-77.8787650810517,34.2486051820629],[-77.8787737605799,34.2486093474061],[-77.8787823688587,34.2486136428022],[-77.8787908762541,34.2486180120785],[-77.8787951279316,34.2486202255464],[-77.8787993496998,34.2486224829087],[-77.8788077526686,34.2486270270027],[-77.8788160869515,34.2486316723248],[-77.8788779664891,34.2486707110734],[-77.878934726014,34.2487147909115],[-77.8789857725306,34.248763450111],[-77.8790305722936,34.2488161806204],[-77.8790597037331,34.2488579160749],[-77.8788880934218,34.2485678161327],[-77.8788117218137,34.2484387336533]],[[-77.816361924749,34.2227987430216],[-77.817523100778,34.2212557057886],[-77.8175814847984,34.2211776256304],[-77.8171654441093,34.2209615911528],[-77.8171602893799,34.2209589157663],[-77.8169574213333,34.2208535728905],[-77.8168096609697,34.220776848162],[-77.8167973298582,34.2207936451413],[-77.8166756017855,34.2209594299025],[-77.8165394332544,34.22114488724],[-77.8165033661933,34.2211940079945],[-77.8164645251082,34.2212469075384],[-77.8164172458142,34.2213113000839],[-77.816770241182,34.221490144052],[-77.816738765642,34.2215330122315],[-77.8166841209121,34.2216074336346],[-77.8165980047506,34.2217247222988],[-77.8163827051172,34.222017944968],[-77.8161760171065,34.2222994388929],[-77.8161355325823,34.2223545749973],[-77.8159176548439,34.2226513053594],[-77.8159011157444,34.2226738303752],[-77.8158953695333,34.2226816546441],[-77.8158941221238,34.2226922623495],[-77.8158867048502,34.2227231907904],[-77.8158992225383,34.2227298626637],[-77.8159148837949,34.222740429657],[-77.8159417702704,34.2227381600468],[-77.8159939816836,34.2227337558927],[-77.8160237630518,34.2227232217391],[-77.8160734609899,34.2227286355913],[-77.8161265345027,34.2227468828376],[-77.8161728187782,34.2227424198863],[-77.816216349342,34.2227645104543],[-77.8163098289766,34.2227752820799],[-77.8163509667995,34.2227993160438],[-77.8163610030977,34.2227999680922],[-77.816361924749,34.2227987430216]],[[-77.8180191106151,34.220918505436],[-77.8184373515253,34.2211400318829],[-77.8186609835395,34.2208501822194],[-77.8185820472843,34.2208076915155],[-77.8185882606094,34.2207073951868],[-77.8185955132471,34.2205922780149],[-77.8185955276379,34.2205663518707],[-77.8186063862268,34.2202228759849],[-77.8184412489958,34.2202153851046],[-77.8181246923958,34.2202015489527],[-77.8181206606116,34.220254172128],[-77.8179496646778,34.2202436764135],[-77.8179364974442,34.2203917284475],[-77.8178439656306,34.2204278895419],[-77.8177672264538,34.2204695222477],[-77.8175952675508,34.2207042425276],[-77.8180191106151,34.220918505436]],[[-77.820080625135,34.220642415694],[-77.8201110661341,34.2203008856637],[-77.81961626366,34.220270452346],[-77.8192799889735,34.2202542923582],[-77.8192514428098,34.2205930867478],[-77.8195857336862,34.2206129757808],[-77.820080625135,34.220642415694]],[[-77.8239249663061,34.2212242658822],[-77.8235607703842,34.2217446815094],[-77.8241202267224,34.222037973316],[-77.8244988807544,34.221506602145],[-77.8239249663061,34.2212242658822]],[[-77.8201882722344,34.2214181603637],[-77.8199824434467,34.2216783244912],[-77.8198452838082,34.2218574893765],[-77.8201900716349,34.2220231590573],[-77.8201964619566,34.2220130663784],[-77.8204488758631,34.2218981433961],[-77.8206322345023,34.2217899895581],[-77.8206916577859,34.221754938407],[-77.8207766206222,34.2216628684735],[-77.8201882722344,34.2214181603637]],[[-77.8232482390041,34.2196328809721],[-77.8229109418623,34.219620065801],[-77.8227642902317,34.2198618879468],[-77.8225478610825,34.2202187710692],[-77.822619325038,34.220222305119],[-77.8229929243031,34.2202347132577],[-77.8231417588526,34.2202393137601],[-77.8231752010702,34.2202403472043],[-77.8232147290192,34.220241568588],[-77.8232160521267,34.2202175269283],[-77.8232482390041,34.2196328809721]],[[-77.8219302815266,34.22021434576],[-77.8210627467601,34.2198238800121],[-77.8210481193744,34.2198504526199],[-77.8210199406718,34.2198964214289],[-77.820881062382,34.2201229784468],[-77.8208570482845,34.220162151992],[-77.8208664237739,34.2201626231482],[-77.821808290636,34.2202084334399],[-77.8219302815266,34.22021434576]],[[-77.8191987856063,34.2196248348892],[-77.8189759537734,34.2195047086749],[-77.8187384434905,34.2193781262102],[-77.8187024421987,34.2193589391014],[-77.8184918146261,34.2192466830993],[-77.8184631312116,34.2192325834997],[-77.8184240827173,34.2192133896164],[-77.8182738215334,34.2191395286814],[-77.8182709028306,34.2191419817375],[-77.8178994901135,34.2194527790626],[-77.817886353027,34.219463825409],[-77.8178871832532,34.2194645070671],[-77.8180671346644,34.2196122497837],[-77.8181350354955,34.2196679960146],[-77.8181506704369,34.2196808325127],[-77.8181490673888,34.2197483072178],[-77.818147685716,34.2198064694745],[-77.8181463480171,34.2198627750086],[-77.8181447431016,34.219930303789],[-77.8181427844887,34.2200127422306],[-77.8184650965768,34.2200249944592],[-77.8184864269234,34.2200258048818],[-77.8184952355492,34.2200262228383],[-77.8187887811233,34.2200401605171],[-77.8188249711028,34.2200418786573],[-77.8189439298526,34.2200475260543],[-77.8190777044021,34.2200563849617],[-77.8191400150747,34.2200605112952],[-77.8193057316361,34.2200714850501],[-77.8193094961511,34.2200717341056],[-77.8193149105997,34.2199797933864],[-77.8193152058572,34.2199747864856],[-77.8193178386584,34.2199300721279],[-77.8193251456422,34.2198060050546],[-77.8193261853474,34.2197883434807],[-77.8193262972582,34.2197864396475],[-77.8193315982349,34.2196964334016],[-77.8193235210368,34.2196920794287],[-77.8191987856063,34.2196248348892]],[[-77.8168799086998,34.2193172709749],[-77.8168441006146,34.2192847253969],[-77.8168067058826,34.2193146556633],[-77.816470991289,34.2195890727173],[-77.816093559203,34.2198967874881],[-77.8163973901028,34.2199508826594],[-77.8169451602092,34.2199665375944],[-77.817296912891,34.2196850836958],[-77.817218229635,34.2196160011628],[-77.8170760206312,34.2194911339464],[-77.8169340113286,34.2193664470395],[-77.8168799086998,34.2193172709749]],[[-77.8153084701036,34.2195853432521],[-77.815690737089,34.2192555173903],[-77.8155712057684,34.2191436225963],[-77.8153652283804,34.2189508010521],[-77.8153638212608,34.218949484387],[-77.8148658699548,34.2193521300112],[-77.8148826599695,34.2193609764915],[-77.8153084701036,34.2195853432521]],[[-77.8149624661378,34.2190279509344],[-77.8147866499073,34.2188633650964],[-77.8147857353918,34.2188625094861],[-77.8142378744194,34.2183496282705],[-77.8141863456412,34.2183013897651],[-77.8141717081752,34.2183403755565],[-77.8141473957945,34.2184054620859],[-77.8141222811659,34.2185136528701],[-77.8141150456312,34.2186110097602],[-77.8141285413452,34.2187391118292],[-77.8142136990508,34.2188952919857],[-77.8142176915742,34.2188984725465],[-77.8144479672323,34.2190817961007],[-77.8146915944283,34.2192466521111],[-77.8147271336825,34.2192179590295],[-77.8148300290606,34.2191348845778],[-77.8148321306811,34.2191331852964],[-77.8149438253018,34.2190430028846],[-77.8149624661378,34.2190279509344]],[[-77.9450756367882,34.1664904982978],[-77.9442487211628,34.1660302059831],[-77.9440590530078,34.1663575730222],[-77.9433439243943,34.1675903561323],[-77.9438116172528,34.1674898908306],[-77.9440799604568,34.1674402266606],[-77.9442704226748,34.1674143783471],[-77.9444527679304,34.1674049718971],[-77.9448100045778,34.1673921405512],[-77.9449376729467,34.167383615129],[-77.9451431880259,34.1673483063193],[-77.9458656525366,34.1671952233827],[-77.9459642928612,34.1671233843435],[-77.9458686609864,34.1670363962222],[-77.9457680534008,34.1669528836043],[-77.9456647132948,34.1668723974949],[-77.9455570733339,34.1667946094201],[-77.9455491789119,34.1667884914684],[-77.9455416166496,34.166783454658],[-77.9455344151098,34.1667776033604],[-77.9455268605279,34.1667723051783],[-77.9455189834358,34.1667672926319],[-77.9455117459907,34.1667617051591],[-77.9455005888447,34.1667534948324],[-77.9454891134815,34.1667455737849],[-77.9454819085735,34.1667399865975],[-77.9454740026751,34.1667346826053],[-77.9454664437747,34.1667293834796],[-77.9454589217692,34.1667240828763],[-77.9454513672084,34.166718783788],[-77.945443808334,34.1667134828582],[-77.9454359389314,34.1667082089356],[-77.945428380416,34.166702880061],[-77.9454208177126,34.166698133526],[-77.9454129081887,34.1666928592476],[-77.9454053573435,34.1666872699022],[-77.9453975175295,34.1666822270255],[-77.9453896013033,34.1666774773666],[-77.9453820490311,34.1666719150525],[-77.945374173399,34.1666668745626],[-77.9453662977679,34.1666618340721],[-77.9453587350948,34.1666570857304],[-77.9453508661366,34.166651523322],[-77.9453433068181,34.1666465126689],[-77.9453350809179,34.1666414690829],[-77.9453271978716,34.1666370090984],[-77.9453196422429,34.1666317099923],[-77.9453114197101,34.1666264031928],[-77.9453035392806,34.1666216538444],[-77.9452956263536,34.1666169015038],[-77.9452877876028,34.1666118613338],[-77.945279528092,34.1666068174472],[-77.945271651735,34.1666018346409],[-77.9452637388001,34.1665970831995],[-77.9452555416444,34.1665925915877],[-77.9452476622943,34.1665878431465],[-77.9452397889702,34.1665825385248],[-77.9452315257433,34.1665777857905],[-77.9452236496493,34.1665730373765],[-77.9452154558628,34.16656828255],[-77.9452071860438,34.1665637911944],[-77.9451989896217,34.166559327532],[-77.9451910841161,34.1665539955775],[-77.9451828902987,34.1665492434528],[-77.9451746602618,34.1665447794918],[-77.9451664664348,34.1665400282675],[-77.9451581999207,34.1665355333317],[-77.9451500023735,34.166531073262],[-77.9451420862107,34.1665263208826],[-77.9451335416577,34.1665218568451],[-77.9451253120951,34.1665171016963],[-77.9451171182737,34.1665123504686],[-77.9451088886013,34.1665078585593],[-77.9451006184369,34.1665033951402],[-77.9450921078978,34.1664989007487],[-77.9450835567895,34.1664946953838],[-77.9450756367882,34.1664904982978]],[[-77.9412668601619,34.1640286499775],[-77.9409266808155,34.1627957965893],[-77.9397907943147,34.1630103895386],[-77.9397086147871,34.1629197944323],[-77.9396220984011,34.1628209353596],[-77.9395925819607,34.1627855250915],[-77.9395361290564,34.1627179224049],[-77.93949172224,34.1626599944225],[-77.9394540560158,34.1626108168676],[-77.9394050941118,34.1625427009745],[-77.939374103825,34.162499543487],[-77.9392977956702,34.1623876037488],[-77.9392219183261,34.1622720319893],[-77.9391736862428,34.1621961893111],[-77.9390725232607,34.1620370769612],[-77.9389983269982,34.1619188470117],[-77.9389074064531,34.1617737511886],[-77.9388737574174,34.1617196391092],[-77.9386050734545,34.1612776990761],[-77.9382607414332,34.1615970819791],[-77.93820493502,34.1616342942426],[-77.9382029982888,34.1617087013815],[-77.9381730415176,34.1628704738544],[-77.9381679385696,34.1630683862312],[-77.9381525994703,34.1636624404638],[-77.9381913115553,34.1637415696824],[-77.9382383723572,34.1638377251649],[-77.9382716304665,34.1638271783689],[-77.9396824116521,34.1633556540295],[-77.9399495946064,34.1631696370055],[-77.9399909653911,34.163208146334],[-77.9400393003095,34.1632516036606],[-77.9400885529606,34.1632943713423],[-77.9401387606193,34.1633364181559],[-77.9401897479036,34.1633777200058],[-77.9402416208213,34.1634182138245],[-77.9402943391727,34.1634580741474],[-77.9403133271089,34.1634719077707],[-77.9403479073375,34.1634971288235],[-77.9403808354286,34.1635202725456],[-77.9404022573457,34.1635353502029],[-77.9404574189116,34.1635727890331],[-77.9405133626635,34.1636094522643],[-77.9410700292799,34.1639191631975],[-77.9412668601619,34.1640286499775]],[[-77.9386968301007,34.15719385645],[-77.9386992302505,34.1571914725492],[-77.9387030815323,34.1571876429001],[-77.9386607483653,34.1571642925124],[-77.9384161615295,34.1570294265878],[-77.9383122315063,34.1571535115933],[-77.9382679064253,34.1572064355908],[-77.9382457505376,34.1572328845709],[-77.9381582115024,34.1573373991319],[-77.9381512952155,34.1573449644184],[-77.9381517531433,34.1573451100279],[-77.9381369279248,34.157365916706],[-77.9379834082285,34.1575815651381],[-77.9379581931822,34.1576403520375],[-77.9379519358005,34.1576549414435],[-77.9379343509891,34.1576959381549],[-77.9379256183687,34.1577162986594],[-77.9381037024274,34.1578152187159],[-77.9381315137392,34.1578306664279],[-77.9381805940428,34.1578579300634],[-77.9381806597224,34.1578579667079],[-77.938182944678,34.1578592284081],[-77.9382004374463,34.1578689517023],[-77.9382760261051,34.157709338618],[-77.938360317267,34.157579552755],[-77.9384254522955,34.157496579725],[-77.9384552838808,34.157458579362],[-77.9384981426215,34.1574039843772],[-77.9386039095964,34.1572861476833],[-77.9386968301007,34.15719385645]],[[-77.9371068634327,34.1573263920128],[-77.9375266028596,34.1569077439725],[-77.9378756413262,34.1565580776918],[-77.9381046317485,34.1563451506764],[-77.939184544753,34.1553597350775],[-77.9407243829971,34.1539691033057],[-77.9412352310237,34.1535077422856],[-77.9404226486453,34.1517511451861],[-77.9400569162881,34.1509604997802],[-77.9400269927419,34.1508958085797],[-77.9346657378482,34.152975003874],[-77.936178347288,34.1556713406834],[-77.9371068634327,34.1573263920128]]]},"properties":{"OBJECTID":474,"Shape__Area":1466991583.6433105,"Shape__Length":287586.791344905}},{"type":"Feature","id":475,"geometry":{"type":"Polygon","coordinates":[[[-77.8942763094609,34.1562894548754],[-77.8958192152434,34.1558841110841],[-77.8958219391599,34.1558302265313],[-77.8958689411914,34.1549015599906],[-77.8958900519691,34.1545197641112],[-77.895929610778,34.1538043166707],[-77.8959194386269,34.1538020048847],[-77.8941657759345,34.1534034860935],[-77.892449624925,34.1530177122602],[-77.8924677423721,34.1524840550377],[-77.8925052232148,34.1513800831511],[-77.8918465359452,34.1513210427897],[-77.8918858531982,34.1505833622501],[-77.8918972508188,34.1499094248575],[-77.892559634,34.1499226644735],[-77.8925712726838,34.1499054218628],[-77.8925988000945,34.1492228768216],[-77.8936679734659,34.1495556734049],[-77.8936953483327,34.1495641957528],[-77.8937057375856,34.1495411275879],[-77.8938802199653,34.149153665616],[-77.8940258859085,34.1491990044345],[-77.8940349715927,34.1492018337081],[-77.8946349239344,34.1493885805006],[-77.8949054890417,34.1494727965664],[-77.8949001711485,34.1494816452979],[-77.8943410571881,34.1504123912619],[-77.8947961465118,34.1505427500327],[-77.8956176958749,34.1507810522111],[-77.8968443432273,34.1508490330856],[-77.896778964836,34.151548287714],[-77.8967590815903,34.1517609958725],[-77.8967505719543,34.1518275545334],[-77.8974484270926,34.1519393732948],[-77.8979368477357,34.1518699148998],[-77.8982547261478,34.1518829364376],[-77.8981649450321,34.1524925363802],[-77.8981088197278,34.1528709207156],[-77.8980380306923,34.1533481461712],[-77.8981971934291,34.1533637119644],[-77.8982042836177,34.1533644093519],[-77.8984881671378,34.1533859342426],[-77.8987468304466,34.1533923959298],[-77.8989850146496,34.1533906807961],[-77.8992034007429,34.153388913386],[-77.8994676560371,34.1533867750278],[-77.8997000901852,34.1533851839697],[-77.8998654893418,34.1533967022097],[-77.9000288878523,34.1534275825587],[-77.9002536797709,34.1534848709843],[-77.9005018746304,34.1535374918831],[-77.9007462771292,34.1535796522315],[-77.9006735170863,34.1541217674023],[-77.9006562425768,34.1545234938517],[-77.9006523740393,34.154662239271],[-77.9011479985148,34.1546717849925],[-77.9012306057901,34.1546733808841],[-77.9012826775913,34.1546743820186],[-77.9014243543201,34.1550226976692],[-77.9006843599846,34.1552764195967],[-77.9002310406053,34.1553967228319],[-77.9003263969988,34.1556475813281],[-77.8999339403471,34.1556440700111],[-77.8999174986201,34.1556454348839],[-77.8997695045711,34.1556577220731],[-77.8997697382765,34.1556597138709],[-77.8997698989767,34.1556610811473],[-77.899770052087,34.1556624483539],[-77.8997702030046,34.1556638173432],[-77.8997703561149,34.1556651845498],[-77.8997705038038,34.1556665517063],[-77.8997706471194,34.1556679215272],[-77.8997707871822,34.155669291318],[-77.8997709283653,34.1556706584147],[-77.8997710619224,34.1556720281456],[-77.8997711955155,34.1556733951723],[-77.8997713225308,34.1556747675475],[-77.8997714495822,34.1556761372185],[-77.8997715733928,34.155677505958],[-77.8997716971552,34.1556788783033],[-77.8997718177009,34.1556802479143],[-77.8997719284879,34.1556816174354],[-77.8997720424919,34.1556829896907],[-77.8997721500261,34.1556843591818],[-77.8997722575603,34.1556857286729],[-77.8997723618057,34.1556871008383],[-77.8997724617139,34.1556884729637],[-77.8997725594535,34.1556898450692],[-77.8997726571931,34.1556912171746],[-77.8997727473427,34.1556925892101],[-77.8997728385766,34.1556939612556],[-77.8997729222205,34.1556953332311],[-77.8997730069487,34.1556967052167],[-77.8997730873397,34.1556980771623],[-77.8997731655742,34.1556994481865],[-77.8997732394595,34.1557008200721],[-77.899773310092,34.1557021919278],[-77.8997733850256,34.1557035665276],[-77.8997734458994,34.1557049382934],[-77.8997735100262,34.1557063100891],[-77.899773570864,34.155707684559],[-77.8997736252321,34.1557090562648],[-77.8997736796003,34.1557104279706],[-77.8997737339324,34.1557118023807],[-77.8997737850117,34.1557131767607],[-77.8997738262963,34.1557145537551],[-77.899773870942,34.1557159226667],[-77.8997739090098,34.1557172969269],[-77.8997739470776,34.1557186711871],[-77.8997739775915,34.1557200426731],[-77.8997740124065,34.1557214169033],[-77.8997740374628,34.1557227910435],[-77.8997740646877,34.1557241652038],[-77.8997740897441,34.155725539344],[-77.8997741083309,34.1557269107201],[-77.8994436282495,34.1557307067669],[-77.8994159731211,34.1558877365558],[-77.8992057661107,34.1558823965438],[-77.8989912012349,34.1558769447593],[-77.8987992043749,34.1558316671229],[-77.8985934539075,34.1557831466756],[-77.8985052467446,34.1560479456293],[-77.8984575812172,34.1560367066626],[-77.8984352928028,34.1561028525902],[-77.8984130043887,34.1561689958101],[-77.8984098793226,34.1561688957601],[-77.8984067484633,34.1561689047398],[-77.898403623714,34.1561690246623],[-77.8984005061832,34.1561692537346],[-77.8983974013041,34.1561695911055],[-77.8983943220764,34.1561700377963],[-77.8983912641869,34.1561705919643],[-77.8983882374303,34.1561712509951],[-77.8983852450233,34.1561720176232],[-77.8983822989655,34.1561728865501],[-77.8983793938112,34.1561738595285],[-77.8983765437165,34.1561749321816],[-77.898373750886,34.1561761018251],[-77.8983710174522,34.1561773711831],[-77.8983683543422,34.1561787340461],[-77.8983657604958,34.156180188601],[-77.8983632413465,34.1561817339966],[-77.8983608034602,34.1561833657859],[-77.8983584533789,34.1561850813247],[-77.8983561879096,34.1561868760759],[-77.8983540179076,34.1561887492381],[-77.8983519455773,34.1561906981272],[-77.8983499720994,34.1561927155421],[-77.8983481028713,34.1561948033353],[-77.8983463390976,34.156196952503],[-77.898344690537,34.1561991631352],[-77.8983431497076,34.1562014270492],[-77.8983417295971,34.1562037461679],[-77.8983404259885,34.1562061114373],[-77.8983392432791,34.1562085183902],[-77.8982670871894,34.15641998738],[-77.8981769071794,34.1566842702958],[-77.898140807989,34.1567900582031],[-77.8981317882429,34.1568164912517],[-77.8981724252897,34.1568260743163],[-77.8980957990662,34.1570506334633],[-77.8980912451573,34.1570639789479],[-77.8980461428748,34.1571961450442],[-77.8974149502223,34.157044346798],[-77.8957723015213,34.1566492760535],[-77.8942763094609,34.1562894548754]]]},"properties":{"OBJECTID":475,"Shape__Area":3565523.5849609375,"Shape__Length":11868.931941316918}},{"type":"Feature","id":476,"geometry":{"type":"Polygon","coordinates":[[[-77.9051912210047,34.1570509509125],[-77.9045044555123,34.1567799881437],[-77.9043172487802,34.1571079013579],[-77.9038762751171,34.1578930469109],[-77.9037228108722,34.1578535887235],[-77.903219492621,34.1577241727107],[-77.9029795858086,34.15770011978],[-77.9026787005533,34.1575782171815],[-77.902673561956,34.157576134338],[-77.9026103798591,34.157531868068],[-77.9025471913121,34.1574876026067],[-77.9024428370449,34.1575869469682],[-77.9022424525952,34.1574459731766],[-77.9022793932777,34.1572984804876],[-77.9023170158273,34.157265133112],[-77.9023778181967,34.1572112441148],[-77.9025332323029,34.1571966635009],[-77.9026174026814,34.1571852891533],[-77.9026094682206,34.1570922141146],[-77.9026017518802,34.1570016572102],[-77.9025836271389,34.1567890260308],[-77.9023853402151,34.1566523206007],[-77.9026294670473,34.1565966663999],[-77.902755052495,34.1565007840937],[-77.902758276909,34.1564877859275],[-77.9024534864983,34.1562972694998],[-77.9024552815292,34.156294963696],[-77.9024570088608,34.1562926112927],[-77.9024586767838,34.1562902412144],[-77.9024602758154,34.1562878326394],[-77.9024618122215,34.1562854036553],[-77.9024632719662,34.1562829496256],[-77.9024646800604,34.1562804653712],[-77.9024660257928,34.1562779408769],[-77.9024672957924,34.1562754030653],[-77.9024684900471,34.1562728528378],[-77.902469628386,34.1562702669372],[-77.9024706975217,34.1562676659762],[-77.9024716975502,34.1562650427437],[-77.9024721926291,34.1562636129836],[-77.9024726055215,34.1562624105514],[-77.9024734639149,34.1562597553656],[-77.9024742497923,34.1562570895965],[-77.902474956744,34.1562544059732],[-77.902475599986,34.1562517019309],[-77.902476161786,34.1562490061553],[-77.9024762832442,34.1562483536732],[-77.9024766642734,34.1562462854936],[-77.902477083426,34.1562435523462],[-77.9024774276543,34.1562408266238],[-77.9024777048722,34.1562380840581],[-77.9024777859996,34.1562369579098],[-77.9024778942622,34.1562353406853],[-77.9024780325825,34.1562326049566],[-77.9024780429204,34.1562320722561],[-77.902478091893,34.1562298576835],[-77.9024780699175,34.1562271069588],[-77.9024779709212,34.1562243582307],[-77.9024779036508,34.1562231378624],[-77.9024778220473,34.1562216090441],[-77.9024775807448,34.1562188788413],[-77.9024774441808,34.1562177317604],[-77.9024772571917,34.1562161361629],[-77.9024768770395,34.1562134091914],[-77.9024764198186,34.1562106878222],[-77.9024758973602,34.1562079793761],[-77.9024752923637,34.1562052800881],[-77.9024746081658,34.156202583678],[-77.9024742035681,34.1562011240122],[-77.9024738726704,34.1561999120389],[-77.9024730492514,34.1561972468038],[-77.9024721627156,34.1561945981173],[-77.9024711988234,34.1561919766668],[-77.9024701665248,34.1561893617996],[-77.9024690796399,34.1561867743777],[-77.9024679145782,34.1561841943508],[-77.9024666785219,34.1561816524365],[-77.9024653674695,34.1561791233555],[-77.9024639963735,34.1561766243742],[-77.9024623636178,34.1561738227833],[-77.9027227149948,34.1560833621912],[-77.9026274859733,34.1559394463556],[-77.9024516024523,34.1558072660865],[-77.902448479314,34.1556931975239],[-77.9025683398913,34.1556870257703],[-77.9027191617827,34.1556243303504],[-77.9027917757635,34.1555301924916],[-77.9028555608746,34.1554475092548],[-77.90288548031,34.1551626430888],[-77.9028141891979,34.1551233031248],[-77.9025927018717,34.1548380054146],[-77.9025429045288,34.1547811047856],[-77.9021368229807,34.1547732870053],[-77.9021391230223,34.1546908763291],[-77.9024695362471,34.1546972404348],[-77.9024733625005,34.1545598955495],[-77.9024793576636,34.1543564958731],[-77.9024921679803,34.1541644503192],[-77.9025147738695,34.1539730366165],[-77.9025471501432,34.1537825943994],[-77.9025884349687,34.153593343823],[-77.9026338431191,34.1533991502665],[-77.9026773100742,34.1532132697585],[-77.9028524300757,34.153234221001],[-77.9028885837589,34.1532373866596],[-77.9032238408506,34.1532667394885],[-77.9035097963539,34.1532917747492],[-77.903678669538,34.1533137068576],[-77.9036133530816,34.1537816864843],[-77.9035045793289,34.1545610469261],[-77.9034815514534,34.1547962958037],[-77.9042003255707,34.1543004684142],[-77.9047387607836,34.1548545481892],[-77.9047599888575,34.1548763873725],[-77.9047906954672,34.1549079723205],[-77.9048426158951,34.154961413427],[-77.905459367958,34.1555865993839],[-77.9054605581291,34.155580097751],[-77.9055731585817,34.1549627493682],[-77.9065191179129,34.1537869224193],[-77.9071627680296,34.1544426537567],[-77.9073715658462,34.1546579476312],[-77.9075368569368,34.1548283713856],[-77.9075789923706,34.1548718123135],[-77.9066212794144,34.1555055775483],[-77.9065180387855,34.1555738991227],[-77.9065013824673,34.1555849217637],[-77.9064990588034,34.1555864583014],[-77.9061861097212,34.1557935439066],[-77.9061754824421,34.1558005766354],[-77.9070074592697,34.1566586759482],[-77.9063024248424,34.1571261070534],[-77.9050171255426,34.1580016772508],[-77.9051677152622,34.1571793229893],[-77.9051741184407,34.1571443713627],[-77.9051793469537,34.1571158115255],[-77.9051912210047,34.1570509509125]]]},"properties":{"OBJECTID":476,"Shape__Area":1473589.3276062012,"Shape__Length":8484.633680613686}},{"type":"Feature","id":477,"geometry":{"type":"Polygon","coordinates":[[[-77.8047369988886,34.2861264972915],[-77.804736504161,34.2861265338178],[-77.8049583334781,34.2863045569145],[-77.8045425700969,34.2866709185371],[-77.8041396796258,34.2870260417404],[-77.80410104261,34.2870600979287],[-77.8025500775528,34.288427130998],[-77.8022990234604,34.2886083281079],[-77.8018245796548,34.2890264906466],[-77.80152564966,34.289289957388],[-77.8010957717108,34.2889551357896],[-77.8006129703125,34.2885790880177],[-77.8006128392932,34.2885731653668],[-77.8006089924903,34.2885754473609],[-77.8001552689866,34.2889767539533],[-77.8001623262669,34.2889822511454],[-77.80025110246,34.2890514012163],[-77.7994170349983,34.2897867451784],[-77.7993019238026,34.2897275121284],[-77.7991829091457,34.2896738572922],[-77.7990603827456,34.2896259558848],[-77.7989684844568,34.2895945599681],[-77.7988734260888,34.2895630429903],[-77.7986606254582,34.2894924874616],[-77.7985714850435,34.2894656537049],[-77.7984807260134,34.2894428587635],[-77.7983886167591,34.2894241693401],[-77.7983833126835,34.289423214505],[-77.7987108729348,34.2891256555094],[-77.798714347252,34.2891282904592],[-77.7989727914422,34.2893242861719],[-77.7991088214263,34.2894274454463],[-77.7991479793714,34.2894259823541],[-77.7993504072744,34.28941841059],[-77.7996846851648,34.2891147480414],[-77.7996853566387,34.2891141372232],[-77.7991646042173,34.288719217393],[-77.7991611750037,34.2887166180694],[-77.7994196661404,34.2884509499708],[-77.799469889796,34.2884069846069],[-77.7998534497373,34.2880712372966],[-77.7999208148741,34.2879981183625],[-77.7999810258285,34.2879151170119],[-77.8004087724805,34.2873391272456],[-77.8004298804583,34.2872971638738],[-77.8004337830654,34.2871791396195],[-77.8004298087301,34.2871264739719],[-77.8004296538742,34.2871244277186],[-77.8004252709966,34.2870664010035],[-77.8004387793319,34.2869722684338],[-77.8005116108984,34.2868764598898],[-77.8005124580531,34.2868753441622],[-77.8003510325879,34.2867895145475],[-77.8002666198263,34.2867399718079],[-77.8001157197894,34.2866582403958],[-77.8000288790083,34.2866238875693],[-77.7999230277004,34.2866001723508],[-77.7997207911391,34.286545059925],[-77.7995904874014,34.2864936127424],[-77.7999739672887,34.2861403438281],[-77.8001161797414,34.2860093250498],[-77.8001292552081,34.2859972881098],[-77.800245142366,34.2856119024326],[-77.8002488644683,34.2855996021563],[-77.800407594017,34.2856315584153],[-77.8004097165879,34.2856319890069],[-77.8010842110285,34.2857677816382],[-77.8011055245898,34.285772100934],[-77.801106654309,34.2857723160081],[-77.8012007149977,34.2856460412902],[-77.8015747604645,34.2851438821788],[-77.8015773227823,34.2851404387189],[-77.8015883095637,34.2851256922926],[-77.8012128488627,34.2847701832433],[-77.8010606908343,34.2846261032244],[-77.8010530497426,34.2846188746792],[-77.8015251169656,34.284319919064],[-77.8020617392587,34.2839800616129],[-77.8020693606627,34.2839740786891],[-77.8021708957386,34.2838942003079],[-77.8023552342111,34.2837491573022],[-77.8023712574193,34.2837621043484],[-77.8048027475827,34.2857216567589],[-77.8050044192133,34.285884180938],[-77.804868970176,34.2860031031128],[-77.8047378444514,34.2861182241717],[-77.8047325228471,34.2861229049851],[-77.8047369988886,34.2861264972915]]]},"properties":{"OBJECTID":477,"Shape__Area":1847092.1206665039,"Shape__Length":7715.91134458791}},{"type":"Feature","id":478,"geometry":{"type":"Polygon","coordinates":[[[-77.8393272009099,34.2715006175248],[-77.8393360104425,34.2714882600217],[-77.8393602090857,34.2714543059177],[-77.839537195777,34.2712059463483],[-77.8397535193994,34.2709023839768],[-77.8397548702132,34.2709005399181],[-77.8399571063139,34.2706241462608],[-77.8401868921407,34.2702956834933],[-77.8414442029564,34.2685260493439],[-77.8414460641191,34.2685234294817],[-77.8415969554578,34.2685939194158],[-77.8420323438335,34.2687973087754],[-77.8420281255808,34.2688032992028],[-77.8417817806565,34.2691530524873],[-77.8410238246715,34.2702173936414],[-77.8410345293914,34.2702227515579],[-77.8410455932077,34.2702282887537],[-77.8419361045366,34.2706639379555],[-77.8419429059506,34.2706667850697],[-77.8419578583569,34.2706730377976],[-77.841923890848,34.2707202035791],[-77.8418562578535,34.270818844682],[-77.8417949510296,34.2709202940103],[-77.841740137178,34.2710242746146],[-77.8416919669807,34.2711304976685],[-77.8416505748607,34.2712386723842],[-77.8416123356679,34.2713361484422],[-77.841585602336,34.2713963663519],[-77.8415567219375,34.2714558963177],[-77.8415117235679,34.2715397765961],[-77.8414624773956,34.2716219965417],[-77.8414090734649,34.2717024073665],[-77.8410430568973,34.2715189486446],[-77.8410260545388,34.2715104274994],[-77.8408599028858,34.2716548785408],[-77.8405301126508,34.2717186544451],[-77.8401734677175,34.2717679724561],[-77.8401308007104,34.2717468971561],[-77.839999045622,34.2716818235564],[-77.8399546795979,34.2717433413638],[-77.8399216029883,34.2717892071113],[-77.8393272009099,34.2715006175248]]]},"properties":{"OBJECTID":478,"Shape__Area":435117.05877685547,"Shape__Length":3534.2545342850844}},{"type":"Feature","id":479,"geometry":{"type":"Polygon","coordinates":[[[-77.8190197156368,34.2719010578711],[-77.818992651247,34.2719275112866],[-77.8189817276792,34.2719381885104],[-77.8186706001165,34.2719600850111],[-77.8185796259699,34.2718988037708],[-77.8185722948378,34.2718938675302],[-77.8185419680146,34.2718734383082],[-77.8184495011665,34.2718111514267],[-77.8184492111267,34.2718108546588],[-77.8184360282054,34.2717974059476],[-77.8183841228089,34.271744455882],[-77.818383827548,34.2717445990136],[-77.8181003240869,34.271455364445],[-77.8180798360366,34.2714344977425],[-77.8177618379727,34.2711051752168],[-77.8176123311589,34.2709503089647],[-77.8175011778736,34.2708306645279],[-77.81749106932,34.2708199579461],[-77.8173486295775,34.2706709311035],[-77.8171365389277,34.2704488349789],[-77.8170317977222,34.2703391470269],[-77.8170320730244,34.2703388810918],[-77.8170041893098,34.2703096847344],[-77.8178481645711,34.2695084468782],[-77.8186081069823,34.2687869760523],[-77.8186145133194,34.2688060302717],[-77.8186190358582,34.2688193086492],[-77.8186313901975,34.2689159044157],[-77.818667835101,34.2689626216408],[-77.8187148974785,34.2690229488081],[-77.8187402228217,34.2690554101025],[-77.8188896482699,34.2692071466756],[-77.8189657415742,34.2693016818232],[-77.8189747252339,34.2693152593877],[-77.8190247955094,34.2693909314887],[-77.8190358991484,34.2694282116175],[-77.8191083553193,34.2696714845429],[-77.8192152426856,34.2698038646497],[-77.8192701556884,34.2698718790163],[-77.8194651801381,34.2699768199797],[-77.8196116725899,34.2700021453171],[-77.8197244272041,34.2700216398639],[-77.8198060377289,34.2700308648955],[-77.8199092559463,34.2700425344408],[-77.8199418556538,34.2700575539729],[-77.8200828592729,34.2701225265386],[-77.8200850279831,34.2701238091928],[-77.8200993486432,34.2701322744198],[-77.8201479639872,34.2701610101822],[-77.8204155918298,34.2703191986583],[-77.8205524310068,34.2704025047506],[-77.8205526807547,34.2704026577712],[-77.8205336340362,34.2704212768974],[-77.8202579195751,34.2706907829068],[-77.8202576831015,34.2706906128873],[-77.8198662249392,34.270407420608],[-77.819506367596,34.2707518786889],[-77.8192334186014,34.2710131434809],[-77.8196326484065,34.2713019572309],[-77.8190275464996,34.2718934036124],[-77.8190202167704,34.2719005678756],[-77.8190197156368,34.2719010578711]]]},"properties":{"OBJECTID":479,"Shape__Area":551588.62280273438,"Shape__Length":3558.5714272413306}},{"type":"Feature","id":480,"geometry":{"type":"Polygon","coordinates":[[[-77.9014284944419,34.1485250287927],[-77.9014238395216,34.1485281989584],[-77.9019713603005,34.1490883328954],[-77.9011572148294,34.1496333286375],[-77.9006184699845,34.1490777792769],[-77.9005197287271,34.1491452327735],[-77.9003556994638,34.1492572859317],[-77.9003396056828,34.1492682777194],[-77.900279091114,34.1493096137275],[-77.9001863996752,34.149372934243],[-77.9000331921108,34.1494775968718],[-77.8999565877009,34.1495299236012],[-77.8998799852901,34.1495822557102],[-77.899803376337,34.1496345832037],[-77.8997267781049,34.1496869125512],[-77.8996501689335,34.14973924175],[-77.8995735661342,34.1497915736643],[-77.8994203581718,34.1498962301158],[-77.8991873512495,34.1500553918854],[-77.8991235130732,34.1500990045587],[-77.8990596683963,34.1501426117297],[-77.8985825312128,34.1504684621705],[-77.8981963065595,34.1507322907071],[-77.897909318536,34.1509224120663],[-77.8968443388543,34.1508490357497],[-77.8968170075763,34.1507008347144],[-77.8966440222295,34.1500181039565],[-77.8961337782525,34.1498751458061],[-77.8968543306066,34.1485938744554],[-77.8973605830106,34.1482589602592],[-77.8976985807404,34.1480353593968],[-77.898134195842,34.147747165319],[-77.8985634493013,34.1474542718145],[-77.8990419692453,34.147127751179],[-77.8993229983004,34.1474388755745],[-77.8996282971092,34.1477768699396],[-77.8997551827842,34.1476901587829],[-77.9002656282856,34.1473413147819],[-77.9006917266941,34.1470501083688],[-77.9018466350523,34.1482403224065],[-77.9014284944419,34.1485250287927]]]},"properties":{"OBJECTID":480,"Shape__Area":1353644.6461791992,"Shape__Length":5491.97624195897}},{"type":"Feature","id":481,"geometry":{"type":"Polygon","coordinates":[[[-77.8165675255534,34.2701291162999],[-77.8153730399653,34.2712870609023],[-77.814679758911,34.2709287115009],[-77.8141670151026,34.2707273451265],[-77.8152425896894,34.2700186065979],[-77.8159918262305,34.2695248929668],[-77.8163069628858,34.2698556452157],[-77.8165675255534,34.2701291162999]]]},"properties":{"OBJECTID":481,"Shape__Area":209793.74951171875,"Shape__Length":1957.26602842072}}]}